,Streamer,Followers,Min_views,Max_views,Avg_views,Other_games,Description,translated_texts,language
5,stray228,1416737,6179.0,36943.0,11546.0,0,"–ö—Ä–µ–ø–∫–∏–π –∏ —Å–∫–∏–ª–ª–æ–≤—ã–π –º—É–∂—á–∏–Ω–∞, –∫–æ—Ç–æ—Ä—ã–π –æ–±—É—á–∞–µ—Ç —Ñ–∏—à–∫–∞–º –≤ Dota2 –∏ –Ω–µ —Ç–æ–ª—å–∫–æ ;)–ê–¥–µ–∫–≤–∞—Ç–Ω–∞—è –∏ –¥–æ–±—Ä–æ–∂–µ–ª–∞—Ç–µ–ª—å–Ω–∞—è –∞—Ç–º–æ—Å—Ñ–µ—Ä–∞ –Ω–∞ –∫–∞–∂–¥–æ–π —Ç—Ä–∞–Ω—Å–ª—è—Ü–∏–∏, –≤—Å–µ–≥–¥–∞ —Ä–∞–¥ —Ç–µ–±—è –ø–æ–ø—Ä–∏–≤–µ—Ç—Å—Ç–≤–æ–≤–∞—Ç—å –Ω–∞ –ø–æ—Ç–æ–∫–µ!–ü–æ –≤–æ–ø—Ä–æ—Å–∞–º —Ä–µ–∫–ª–∞–º—ã stray@streamers-alliance.com","a strong and skill man who teaches chips in dota2 and not only;) an adequate and friendly atmosphere on each broadcast, is always glad to welcome you to the stream! on advertising stray@streamers-alliance.com",ru
6,beyondthesummit,1173329,198.0,6000.0,2037.0,0,"Beyond The Summit is a broadcasting studio and tournament organizer for a variety of esports titles (including Dota 2, SSBM, SSBU, CS:GO, & Rocket League). Following and subscribing enables us to continue to create unique content and host amazing events like The Summit. Thank you for your support!","beyond the summit is a broadcasting studio and tournament organizer for a variety of esports titles (including dota 2, ssbm, ssbu, cs:go, & rocket league). following and subscribing enables us to continue to create unique content and host amazing events like the summit. thank you for your support!",en
10,dendi,1004049,958.0,1344.0,1151.0,0,"Danylo ""Dendi"" Ishutin The founder of [B8 Esports]","danylo ""dendi"" ishutin the founder of [b8 essports]",om
17,dota2mc,694349,6771.0,21008.0,13693.0,0,–¢–æ–ø–æ–≤–∞—è —Å—Ç—É–¥–∏—è –≤ –º–∏—Ä–µ –ø—Ä–æ—Ñ–µ—Å—Å–∏–æ–Ω–∞–ª—å–Ω–æ–≥–æ –∫–∏–±–µ—Ä—Å–ø–æ—Ä—Ç–∞. –û—Ö–æ—Ç–∏–º—Å—è –∑–∞ –∫—Ä–∞—Å–æ—á–Ω—ã–º–∏ —Ä—ç–º–ø–µ–π–¥–∂–∞–º–∏ –∏ —Ç—Ä–∞–Ω—Å–ª–∏—Ä—É–µ–º –≥–ª–∞–≤–Ω—ã–µ —Ç—É—Ä–Ω–∏—Ä—ã —Å –ª—É—á—à–∏–º–∏ –∫–æ–º–∞–Ω–¥–∞–º–∏ –º–∏—Ä–∞. ,top studio in the world of professional e -sports.we hunt for colorful ramps and broadcast the main tournaments with the best teams in the world.,ru
18,esl_dota2,690810,1688.0,79922.0,36142.0,0,"The ESL One Berlin Major is here! 18 teams fighting for a $500,000 USD prize pool, 2700 DPC points, and the chance to qualify for The International! Join us for some incredible Dota at the first Major event entirely on the new 7.33 patch!","the esl one berlin major is here! 18 teams fighting for a $500,000 usd prize pool, 2700 dpc points, and the chance to qualify for the international! join us for some incredible dota at the first major event entirely on the new 7.33 patch!",en
19,dreadztv,690447,1041.0,7004.0,2708.0,12,"–ß–µ–ª–æ–≤–µ–∫, –±—Ä–∞—Ç, —Å—ã–Ω, –º—É–∂, –æ—Ç–µ—Ü. –ê–Ω–¥—Ä–µ–π, 31 –≥–æ–¥. –ü–æ—Å–ª–µ –≤–µ–ª–∏–∫–æ–ª–µ–ø–Ω–æ–π –∫–∞—Ä—å–µ—Ä—ã(–Ω–µ—Ç) –≤ –¥–æ—Ç–∞, –¥–æ—Ç–∞ 2 –∑–∞–Ω—è–ª—Å—è —Å—Ç—Ä–∏–º–∞–º–∏ –∏ –≤–æ—Ç —É–∂–µ 10 –ª–µ—Ç —Ç—Ä—É–∂—É—Å—å –Ω–µ –ø–æ–∫–ª–∞–¥–∞—è —Ä—É–∫. –ê–≤—Ç–æ—Ä –∑–Ω–∞–º–µ–Ω–∏—Ç–æ–π —à—É—Ç–∫–∏ –ø—Ä–æ —Ü–∏–∫–ª–æ–ø–∞. –í–µ–¥—É—â–∏–π –Ω–∞—à—É–º–µ–≤—à–µ–≥–æ —Ç–µ–ª–µ–≥—Ä–∞–º-–∫–∞–Ω–∞–ª–∞. –û—Å—Ç–∞—Ç–∫–∏ —Å–∫–∏–ª–ª–∞ –∏ —Ä–∞—Å—Å—É–¥–∫–∞ –≤—ã –º–æ–∂–µ—Ç–µ —É–≤–∏–¥–µ—Ç—å –∑–¥–µ—Å—å –ø–æ —Å—Ä, –ø—Ç,—Å–±,–≤—Å.","man, brother, son, husband, father.andrey, 31 years old.after a magnificent career (no) in dota, dota 2 took up streams and for 10 years i have been working without turning my hands.the author of the famous joke about cyclops.leading the sensational telegram channel.you can see the remnants of skill and reason here according to sr, pt, sat, sun.",ru
21,ybicanoooobov,649157,2723.0,11412.0,5327.0,0,"–¢—É—Ç —Ç–µ–±—è –∂–¥–µ—Ç –ø—Ä–∏—è—Ç–Ω–∞—è –Ω–æ—á–Ω–∞—è –∞—Ç–º–æ—Å—Ñ–µ—Ä–∞ –∏ –ø–æ—Ç–Ω—ã–µ –¥—Ä–∞–∫–∏ –Ω–∞ —Ü–µ–Ω—Ç—Ä–∞–ª—å–Ω–æ–º –∫–æ—Ä–∏–¥–æ—Ä–µ, –ø—Ä–∏—Å–æ–µ–¥–∏–Ω—è–π—Å—è –±—Ä–∞—Ç–∏—à–∫–∞! https://vk.com/ybicanoooobov –ü–æ –≤–æ–ø—Ä–æ—Å–∞–º —Ä–µ–∫–ª–∞–º—ã ybn@streamers-alliance.com","here you will find a pleasant night atmosphere and sweaty fights on the central corridor, join the brother!https://vk.com/ybicanoooobov on advertising issues ybn@streamers-alliance.com",ru
24,esl_dota2ember,580111,4328.0,25243.0,16594.0,0,"The ESL One Berlin Major is here! 18 teams fighting for a $500,000 USD prize pool, 2700 DPC points, and the chance to qualify for The International! Join us for some incredible Dota at the first Major event entirely on the new 7.33 patch!","the esl one berlin major is here! 18 teams fighting for a $500,000 usd prize pool, 2700 dpc points, and the chance to qualify for the international! join us for some incredible dota at the first major event entirely on the new 7.33 patch!",en
29,topsonous,522354,6182.0,16618.0,11508.0,0,Top Dog,top dog,en
30,tpabomah,520672,0.0,7792.0,2594.0,4,"–ü—Ä–∏–≤–µ—Ç! –Ø –±—ã–≤—à–∏–π —Ç–µ—á–∏—Å–ø–∏–∫–µ—Ä, —É—á–∏–ª —á–µ–º–ø–∏–æ–Ω–∞ TI –∏–≥—Ä–∞—Ç—å –Ω–∞ –º–∏–Ω–µ—Ä–µ, –≤–∑—Ä—ã–≤–∞–ª –¥—Ä—É–≥–∏—Ö —á–µ–º–ø–∏–æ–Ω–æ–≤ TI –Ω–∞ —Ñ–æ–Ω—Ç–∞–Ω–µ –∏ –º–Ω–æ–≥–æ–µ –¥—Ä—É–≥–æ–µ. –ù–æ –ø–æ—Å–ª–µ —Ä–µ–≤–æ—Ä–∫–∞ –≥–µ—Ä–æ—è —ç—Ç–æ –≤ –ø—Ä–æ—à–ª–æ–º - —Ç–µ–ø–µ—Ä—å —è —É—á—É—Å—å –∏–≥—Ä–∞—Ç—å –Ω–∞ –∫–µ—Ä—Ä–∏, –Ω–æ –ø—Ä–æ–¥–æ–ª–∂–∞—é –ø—Ä–æ–ø–∞–≥–∞–Ω–¥–∏—Ä–æ–≤–∞—Ç—å –Ω–µ—Ç–æ–∫—Å–∏—á–Ω–æ—Å—Ç—å –≤ –î–æ—Ç–µ! –¢–∞–∫–∂–µ –Ω–∞ –∫–∞–Ω–∞–ª–µ –±—ã–≤–∞—é—Ç —Å—Ç—Ä–∞—Ç–µ–≥–∏–∏.","hello!i am a former terecker, taught the ti champion to play on miner, blew up other ti champions on the fountain and much more.but after the hero‚Äôs revorka, this is in the past - now i am learning to play kerry, but i continue to promote non -toxicity in dota!there are also strategies on the channel.",ru
31,versuta,495946,1181.0,1779.0,1361.0,2,–ö—Ä–∞—Å–∞–≤–µ—Ü –º—É–∂—á–∏–Ω–∞. –°–ø–æ—Ä—Ç—Å–º–µ–Ω –∏ –∫–∏–±–µ—Ä—Å–ø–æ—Ä—Ç—Å–º–µ–Ω. –ü–æ—é –∏ —Ç–∞–Ω—Ü—É—é. –†—ã–≥–∞—é –∏ –∞–Ω–∞–ª–∏–∑–∏—Ä—É—é. –í –æ—Å–Ω–æ–≤–Ω–æ–º —Å—Ç—Ä–∏–º–ª—é DOTA2. –î–ª—è —Ä–µ–∫–ª–∞–º—ã versuta@live.ru –ª–∏–±–æ vk.com/versuta,handsome man.athlete and e -sportsman.i sing and dance.i blink and analyze.basically stream dota2.for advertising versuta@live.ru or vk.com/versuta,ru
36,lenagol0vach,447538,4765.0,14975.0,9445.0,0,–í —á–µ–º —Å–∏–ª–∞ –±—Ä–∞—Ç?,"what is the strength in, brother?",ru
37,pgl_dota2,414160,3074.0,62574.0,19765.0,0,PGL loves DOTA 2.,pgl loves dota 2.,en
45,icebergdoto,369487,1404.0,4938.0,2801.0,0,–ü–æ –≤–æ–ø—Ä–æ—Å–∞–º —Å–æ—Ç—Ä—É–¥–Ω–∏—á–µ—Å—Ç–≤–∞ –ø–∏—à–∏—Ç–µ –Ω–∞ –ø–æ—á—Ç—É - icebergbus@gmail.com,"for cooperation, write to the mail - icebergbus@gmail.com",ru
46,justcooman,355594,1037.0,16753.0,6198.0,0,,na,1
49,elgato_,332176,412.0,412.0,412.0,0,JOGUE COM RESPONSABILIDADE! NAO APOSTE O QUE VAI TE FAZER FALTA TENHA MAIS DE 18 PRA APOSTAR. rodrigof.contato@gmail.com ,play responsibly!do not bet on what will be missing you have more than 18 to bet.rodrigof.contato@gmail.com,pt
50,ramzes,327706,3808.0,14028.0,8071.0,0,Professional dota 2 player. https://ramzes.gg/ . Business inquires - ramzes@streamers-alliance.com. Ambassador FONBET. My main chat https://t.me/Ramzesasd.,professional dota 2 player. https://ramzes.gg/ . business inquires - ramzes@streamers-alliance.com. ambassador fonbet. my main chat https://t.me/ramzesasd.,en
52,nooneboss,317252,1051.0,6007.0,3719.0,0,Nice guy.,nice guy.,en
53,eternalenvyy,291995,425.0,2734.0,1517.0,0,I am Jacky Mao business contact: 911mjacky@gmail.com,i am jacky mao business contact: 911mjacky@gmail.com,en
55,betboom_ru,276830,2103.0,39792.0,15870.0,0,–° 12 –º–∞—Ä—Ç–∞ –ø–æ 25 –∞–ø—Ä–µ–ª—è —Å—Ç—É–¥–∏—è FISSURE —Å–æ–≤–º–µ—Å—Ç–Ω–æ —Å BetBoom –æ—Å–≤–µ—Ç—è—Ç –¥–ª—è –≤–∞—Å –≤—Ç–æ—Ä–æ–π —Ç—É—Ä DPC 2023! –°–º–æ—Ç—Ä–∏—Ç–µ –ª—É—á—à–∏–µ –º–∞—Ç—á–∏ —Å–∏–ª—å–Ω–µ–π—à–∏—Ö —Ä–µ–≥–∏–æ–Ω–æ–≤ –≤ Dota 2 –Ω–∞ –∫–∞–Ω–∞–ª–∞—Ö betboom_ru –∏ –ø–æ–¥–ø–∏—Å—ã–≤–∞–π—Ç–µ—Å—å –Ω–∞ —Å–æ—Ü–∏–∞–ª—å–Ω—ã–µ —Å–µ—Ç–∏ FISSURE!,"from march 12 to april 25, fissure studio, together with betboom, will lighten the second round of dpc 2023 for you!see the best matches of the strongest regions in dota 2 on betboom_ru channels and subscribe to fissure social networks!",ru
56,beyondthesummit2,275702,1648.0,1648.0,1648.0,0,"Beyond The Summit is a broadcasting studio and tournament organizer for a variety of esports titles (including Dota 2, SSBM, Overwatch, and CS:GO). Following and subscribing enables us to continue to create unique content and host amazing events like The Summit. Thank you for your support!","beyond the summit is a broadcasting studio and tournament organizer for a variety of esports titles (including dota 2, ssbm, overwatch, and cs:go). following and subscribing enables us to continue to create unique content and host amazing events like the summit. thank you for your support!",en
58,daxak,265616,5310.0,5310.0,5310.0,0,,na,1
59,iceiceice,259575,402.0,2627.0,1073.0,1,I play dota2 email: email:dkpxbruh@gmail.com                                                                                                                                                                                                                                                            ,i play dota2 email: email:dkpxbruh@gmail.com,en
60,illidanstr,259269,882.0,882.0,882.0,0,https://liquipedia.net/dota2/Illidan . currently just streaming.,https://liquipedia.net/dota2/illidan . currently just streaming.,en
61,sumayyl,258849,4678.0,5288.0,4983.0,0,On a journey to become a Legend.,on a journey to become a legend.,en
62,bananaslamjamma,253361,551.0,2771.0,1393.0,1,I am a Dota 2 streamer who plays a lot of high MMR solo queue matchmaking games. I also coach and try to educate viewers on how to improve their Dota skills.,i am a dota 2 streamer who plays a lot of high mmr solo queue matchmaking games. i also coach and try to educate viewers on how to improve their dota skills.,en
66,dossierchannel,242370,373.0,3482.0,1432.0,1,"Intro , Review Game and Caster DotA 2 Tournament","intro , review game and caster dota 2 tournament",en
68,purgegamers,237559,428.0,5556.0,1885.0,1,"I'm Purge, I focus on Dota 2 gameplay commentaries. If you're new to Dota, check out my Learn Dota video series, or my vods.","i'm purge, i focus on dota 2 gameplay commentaries. if you're new to dota, check out my learn dota video series, or my vods.",en
69,btsbrasiltv,235844,378.0,5088.0,1179.0,0,"Somos a BTSBrasilTV, streamers de Dota 2 desde 2013 e maior produtora de conteudo independente de Dota 2, ativo por aqui desde 2017. Cobrimos e narramos esports, e este √© nosso canal especializado em partidas de Dota 2.","we are btsbrasiltv, dota 2 streamers since 2013 and the largest independent content producer of dota 2, active here since 2017. we cover and narrate esports, and this is our channel specializing in dota 2 matches.",pt
70,cr1tdota,235135,1207.0,4399.0,2542.0,0,,na,1
71,qsnake,229811,489.0,1134.0,747.0,0,https://t.me/qsnakeee,na,1
73,tidesoftime,221199,392.0,794.0,565.0,0,"Used to be pro at dota and hs. Have reached rank 1-3 in region or world in various card games / auto battlers. Won / top3d plenty of tournaments in dota/hs. I'm good at most games i play, best generic advice i can give to you to improve if you so desire is to not blame losses on teamates/luck etc.","used to be pro at dota and hs. have reached rank 1-3 in region or world in various card games / auto battlers. won / top3d plenty of tournaments in dota/hs. i'm good at most games i play, best generic advice i can give to you to improve if you so desire is to not blame losses on teamates/luck etc.",en
74,qojqva,216710,967.0,7546.0,4299.0,0,DOTA 2 player for Team Liquid,dota 2 player for team liquid,en
79,xakoh,197110,360.0,1477.0,678.0,1,"DOTA2  -  offlane(hard lane). 8,5k+ player. !–ò–Ω—Ñ–∞  (Õ° Õ°¬∞ Õú „Å§ Õ°Õ°¬∞)",dota2 - offlane (hard lane).8.5k+ player.! infa (Õ° ¬∞ Õú „Å§ ¬∞),ru
82,dyrachyo,186208,2661.0,21776.0,10794.0,0,real dyrachyooo !!!–†–µ–∫–ª–∞–º–∞ –∏ —Å–æ—Ç—Ä—É–¥–Ω–∏—á–µ—Å—Ç–≤–æ: youngb1lboboysclub@gmail.com,real dyrachyooo !!! advertising and cooperation: youngb1lboboysclub@gmail.com,ru
83,y0nd,182708,248.0,731.0,519.0,0,yond@streamers-alliance.com - –ø–æ —Ä–µ–∫–ª–∞–º–µ —Å—é–¥–∞,yond@streamers-alliance.com - by advertising here,ru
84,attackerdota,181400,501.0,1443.0,769.0,0,Dota 2 streamer from Dubai for team Nigma Galaxy.  For business inquiries: attackerdotabiz@gmail.com,dota 2 streamer from dubai for team nigma galaxy.  for business inquiries: attackerdotabiz@gmail.com,en
88,esl_dota2storm,174048,6266.0,6415.0,6340.0,0,"The ESL One Berlin Major is here! 18 teams fighting for a $500,000 USD prize pool, 2700 DPC points, and the chance to qualify for The International! Join us for some incredible Dota at the first Major event entirely on the new 7.33 patch!","the esl one berlin major is here! 18 teams fighting for a $500,000 usd prize pool, 2700 dpc points, and the chance to qualify for the international! join us for some incredible dota at the first major event entirely on the new 7.33 patch!",en
90,pgl_dota2en2,173519,1395.0,19887.0,8217.0,0,PGL loves DOTA 2.,pgl loves dota 2.,en
91,inboss1k,172723,714.0,2296.0,1550.0,0,Most Dangerous FP Invoker,most dangerous fp invoker,en
92,canceldota,170239,7.0,969.0,488.0,0,,na,1
93,xcaliburye,164782,0.0,1993.0,908.0,0,contact me at : ask.xcaliburye@gmail.com,contact me at : ask.xcaliburye@gmail.com,en
94,quinndota,162771,1622.0,4555.0,2889.0,0,,na,1
95,iltw1,160500,1014.0,5387.0,2524.0,0,,na,1
98,odpixel,147395,23.0,1540.0,713.0,0,| Twitter.com/ODPixel | OD@PixelPipeline.co.uk | Youtube: https://bit.ly/3BhCo0w |,| twitter.com/odpixel | od@pixelpipeline.co.uk | youtube: https://bit.ly/3bhco0w |,en
99,epulzegaming,143804,547.0,80860.0,15199.0,0,Follow your favorite teams across our pro-divisions and immerse yourself in the latest livestream productions.,follow your favorite teams across our pro-divisions and immerse yourself in the latest livestream productions.,en
100,dotatv247,142732,328.0,752.0,519.0,0,Witness best ranked Dota 2 games live 24/7. The stream is fully automated and controlled by chat commands. Check stream description for more info.,witness best ranked dota 2 games live 24/7. the stream is fully automated and controlled by chat commands. check stream description for more info.,en
101,khezu,142682,261.0,261.0,261.0,0,"Dota 2 Player, coach and analyst. Coaching @ https://metafy.gg/@khezu/sessions","dota 2 player, coach and analyst. coaching @ https://metafy.gg/@khezu/sessions",en
102,skad1boy,136749,2107.0,4598.0,3352.0,0,–°–æ—Ç—Ä—É–¥–Ω–∏—á–µ—Å—Ç–≤–æ -  skad1boy@adisom.net,cooperation - skad1boy@adisom.net,ru
103,stariy_bog,134066,930.0,2362.0,1536.0,0,,na,1
105,ephey,124535,1002.0,3166.0,1973.0,0,"Hi, I'm Mira. :) ","hi, i'm mira. :)",en
106,draskyl,123587,179.0,179.0,179.0,0,Washed Dota 2 player/commentator doing what he wants for fun,washed dota 2 player/commentator doing what he wants for fun,en
109,awfdota,117994,510.0,1515.0,914.0,0,"–í—Å–µ–≥–¥–∞ –ª–µ–≥–∫–æ –æ–±–∏–¥–µ—Ç—å –º–∞—Ç—å. –û–Ω–∞ –æ–±–∏–¥—É –Ω–µ –∑–∞–º–µ—Ç–∏—Ç. –ò —Ç–æ–ª—å–∫–æ –º–æ–∂–µ—Ç –≤–∞–º —Å–∫–∞–∑–∞—Ç—å ‚Äî ¬´–ù–µ –ø—Ä–æ—Å—Ç—É–¥–∏—Å—å, —Å–µ–≥–æ–¥–Ω—è –≤–µ—Ç–µ—Ä¬ª","it is always easy to offend the mother.she will not notice the insult.and only you can tell you - ""do not catch a cold, today the wind""",ru
110,gspotdota,115682,403.0,521.0,448.0,0,"–°—Ç–∞—Ä–æ–π –∑–∞–∫–∞–ª–∫–∏ –¥–æ—Ç–µ—Ä,–±–æ–ª—å—à–∞—è —á–∞—Å—Ç—å –∏–≥—Ä –ø—Ä–æ–∏—Å—Ö–æ–¥–∏—Ç –Ω–∞ 4 –ø–æ–∑–∏—Ü–∏–∏.–°—Ç—Ä–∏–º–µ—Ä –≤–µ—Å—å–º–∞ —Å–ø–µ—Ü–∏—Ñ–∏—á–µ–Ω —á—Ç–æ –º–æ–∂–µ—Ç –≤—ã–∑–≤–∞—Ç—å –≤–æ–ø—Ä–æ—Å—ã –ø—Ä–∏ –ø–µ—Ä–≤–æ–º –∑–Ω–∞–∫–æ–º—Å—Ç–≤–µ :D","old hardening doters, most of the games take place in 4 positions. the stroke is very specific that it can cause questions at the first acquaintance: d",ru
111,gunnardota2,114544,480.0,3542.0,1563.0,3,Professional dota player,professional dota player,en
113,23savagezzz,109385,755.0,2737.0,1844.0,0,I'm a DotA 2 player for Talon Esports,i'm a dota 2 player for talon esports,en
114,dota2ez25,108819,539.0,1340.0,965.0,0,"–Æ—Ç—É–±–µ—Ä, —Å—Ç—Ä–∏–º–µ—Ä –∏ –ø—Ä–æ—Å—Ç–æ –∏–≥—Ä–æ–∫ –≤ –¥–æ—Ç—É :)","youtubert, streamer and just a player in dota :)",ru
115,timado,107514,966.0,2122.0,1414.0,0,21,21,en
116,lightfurylf,106380,145.0,6912.0,2597.0,0,‡∏ô‡∏±‡∏Å‡∏û‡∏≤‡∏Å‡∏¢‡πå Dota2? ‡∏ä‡πà‡∏≠‡∏á‡∏´‡∏•‡∏±‡∏Å‡∏†‡∏≤‡∏©‡∏≤‡πÑ‡∏ó‡∏¢‡πÅ‡∏´‡πà‡∏á‡∏´‡∏•‡∏±‡∏á‡πÄ‡∏Ç‡∏≤ ‡∏Ç‡∏≠‡∏ï‡πâ‡∏≠‡∏ô‡∏£‡∏±‡∏ö‡πÑ‡∏°‡πà‡∏ß‡πà‡∏≤‡∏Ñ‡∏∏‡∏ì‡∏à‡∏∞‡πÄ‡∏õ‡πá‡∏ô‡πÉ‡∏Ñ‡∏£ ‡πÄ‡∏Ç‡πâ‡∏≤‡∏°‡∏≤‡∏ó‡∏µ‡πà‡∏ô‡∏µ‡πà‡∏ó‡∏∏‡∏Å‡∏Ñ‡∏ô‡∏Ñ‡∏∑‡∏≠‡∏•‡∏π‡∏Å‡πÄ‡∏£‡∏∑‡∏≠ ‡∏ï‡∏≤‡∏¢‡πÑ‡∏õ‡∏û‡∏£‡πâ‡∏≠‡∏°‡∏Å‡∏±‡∏ö‡πÄ‡∏£‡∏∑‡∏≠ ‡∏´‡∏£‡∏∑‡∏≠‡∏à‡∏∞‡πÄ‡∏•‡∏∑‡∏≠‡∏Å‡πÄ‡∏õ‡πá‡∏ô‡∏•‡∏π‡∏Å‡∏ö‡πâ‡∏≤‡∏ô‡∏Å‡πá‡πÑ‡∏î‡πâ‡∏ô‡∏∞,"dota2 voice actors?thai main channels behind himwelcome, no matter who you arecome here, everyone is the crew.died with a boator can choose to be a residents",th
118,pgl_dota2en3,106120,3446.0,7914.0,5492.0,0,,na,1
120,dubudota,104680,2296.0,2296.0,2296.0,0,Professional Dota 2 Player,professional dota 2 player,en
121,abfnggshka,104114,649.0,2920.0,1597.0,0,,na,1
124,paragon_dota,99523,206.0,53511.0,15159.0,0,–°–º–æ—Ç—Ä–∏ –º–∞—Ç—á–∏ ESL One Berlin Major –≤–º–µ—Å—Ç–µ —Å Paragon Events –∏ Winline!,watch esl one berlin major matches with paragon events and winline!,ru
125,monkeys_forever,99209,438.0,2378.0,1286.0,0,Offlane player here,offlane player here,en
126,febbydoto,99194,279.0,279.0,279.0,0,cool streamer,cool streamer,en
128,amirphanthom,96211,298.0,712.0,479.0,0,"Ph Streams DotA 2, For Business Inquiries : amirphanthom@yahoo.com","ph streams dota 2, for business inquiries : amirphanthom@yahoo.com",en
129,baxadoto,95825,668.0,2462.0,1535.0,0,"–í –∑–¥–∞–Ω–∏–∏ —á–µ–ª–æ–≤–µ—á–µ—Å–∫–æ–≥–æ —Å—á–∞—Å—Ç—å—è –ª—é–±–æ–≤—å –≤–æ–∑–≤–æ–¥–∏—Ç —Å—Ç–µ–Ω—ã, –∞ —Å—Ç—Ä–∏–º—ã –ë–∞—Ö–∏ –æ–±—Ä–∞–∑—É—é—Ç –∫—É–ø–æ–ª. –†–µ–∫–ª–∞–º–∞ –∏ —Å–æ—Ç—Ä—É–¥–Ω–∏—á–µ—Å—Ç–≤–æ: b4x4zxc@gmail.com","in the building of human happiness, love builds the walls, and the streams of the bah form a dome.advertising and cooperation: b4x4zxc@gmail.com",ru
130,betboom_ru2,94701,260.0,23706.0,5173.0,0,–° 12 –º–∞—Ä—Ç–∞ –ø–æ 25 –∞–ø—Ä–µ–ª—è —Å—Ç—É–¥–∏—è FISSURE —Å–æ–≤–º–µ—Å—Ç–Ω–æ —Å BetBoom –æ—Å–≤–µ—Ç—è—Ç –¥–ª—è –≤–∞—Å –≤—Ç–æ—Ä–æ–π —Ç—É—Ä DPC 2023! –°–º–æ—Ç—Ä–∏—Ç–µ –ª—É—á—à–∏–µ –º–∞—Ç—á–∏ —Å–∏–ª—å–Ω–µ–π—à–∏—Ö —Ä–µ–≥–∏–æ–Ω–æ–≤ –≤ Dota 2 –Ω–∞ –∫–∞–Ω–∞–ª–∞—Ö betboom_ru –∏ –ø–æ–¥–ø–∏—Å—ã–≤–∞–π—Ç–µ—Å—å –Ω–∞ —Å–æ—Ü–∏–∞–ª—å–Ω—ã–µ —Å–µ—Ç–∏ FISSURE!,"from march 12 to april 25, fissure studio, together with betboom, will lighten the second round of dpc 2023 for you!see the best matches of the strongest regions in dota 2 on betboom_ru channels and subscribe to fissure social networks!",ru
131,meepoha3ap,92609,91.0,460.0,243.0,0,–ú–µ–Ω—è –∑–æ–≤—É—Ç –ê–ª–µ–∫—Å–µ–π –∏–ª–∏ –Ω–∞ –ø—Ä–æ—Å—Ç–æ—Ä–∞—Ö twitch –ø—Ä–æ—Å—Ç–æ –î–µ–¥.–û—Å–Ω–æ–≤–Ω—ã–µ –∏–≥—Ä—ã –ø—Ä–æ—Ö–æ–¥—è—Ç –Ω–∞ –≥–µ—Ä–æ–π Meepo +11–∫ –∏–≥—Ä –Ω–æ –µ—Å—Ç—å –∏ –∏—Å–∫–ª—é—á–µ–Ω–∏—è. 29–∫ –∏–≥—Ä –≤ Dota 2,"my name is alexei or in the open spaces of twitch, just grandfather. the main games are held on the hero of meepo +11k games, but there are exceptions.29k games in dota 2",ru
132,nikobaby_,92229,409.0,1465.0,883.0,0,Professional DotA 2 Player ,professional dota 2 player,en
133,mary_day,86193,702.0,1276.0,913.0,0,"Nikita. 7k + invoker matches/8k pts, top 1 voker opendota. –Ω–∏–∫ –Ω–∏—á–µ–≥–æ –Ω–µ –æ–∑–Ω–∞—á–∞–µ—Ç/–Ω–µ –ø–µ—Ä–µ–≤–æ–¥–∏—Ç—Å—è. –ø—Ä–æ—Å—Ç–æ 2 —Ä–∞–Ω–¥–æ–º–Ω—ã—Ö —Å–ª–æ–≤–∞ = ) —Å–æ—Ç—Ä—É–¥–Ω–∏—á–µ—Å—Ç–≤–æ - vk.com/suwestvyu","nikita.7k + invoker matches/8k pts, top 1 voker opendota.nick does not mean/not translated.just 2 random words =) cooperation - vk.com/suwestvyu",ru
134,fanhots,85508,141.0,632.0,463.0,1,"UC Berkeley, Former Hots Pro forCloud 9, Naventic, GFE, Tempo Storm. Blizzcon/Dreamhack/Dorm Champion. Grandmaster in SC2 with Terran & Protoss.Former Top 200 in Dota & Dota 24x Legend in Hearthstone Business Contact: fanyang005@gmail.com","uc berkeley, former hots pro forcloud 9, naventic, gfe, tempo storm. blizzcon/dreamhack/dorm champion. grandmaster in sc2 with terran & protoss.former top 200 in dota & dota 24x legend in hearthstone business contact: fanyang005@gmail.com",en
135,seucreysonreborn,83489,567.0,990.0,767.0,0,"maior coach de Dota 2 das Am√©ricas em atividade, meu coach est√° avaliado em mais de 10 mil; Jogo Dota h√° mais de 15 anos, sou Tricampe√£o goiano, fundador da Loucademia dus 4K,  e  da South Am√©rica League. ","largest dota 2 coach in the americas in activity, my coach is evaluated in over 10,000;game dota for over 15 years, i am a three -time goiano, founder of the dus 4k crazy, and south america league.",pt
136,kuyanicwxc,82001,384.0,3158.0,1115.0,0,KuyaNic is the official Dota2 broadcast platform by LuponWXC.,kuyanic is the official dota2 broadcast platform by luponwxc.,en
138,watsondoto,81010,1406.0,4450.0,3146.0,0,tryhard pos1,tryhard pos1,en
139,420jenkins,79167,824.0,2512.0,1474.0,0,"Offlane Player, Sex Haver","offlane player, sex haver",en
140,radika1fa,78865,301.0,1723.0,1298.0,0,,na,1
141,speedmanq,77194,463.0,2003.0,1074.0,0,,na,1
142,k13tv,77061,647.0,1117.0,889.0,0,"Salve!! aqui voc√™ encontra entretenimento aliado a uma boa gameplay, narra√ß√µes e an√°lises. Lives 07H30 da manh√£ de seg a sexta, sinta-se sempre √† vontade para tirar suas d√∫vidas e interagir! CONTACT: k13doto@gmail.com","save!!here you find entertainment combined with a good gameplay, narrations and analysis.lives 07h30 in the morning from mon to friday, always feel free to answer your doubts and interact!contact: k13doto@gmail.com",pt
143,esl_dota2earth,74950,14167.0,20204.0,17256.0,0,"The ESL One Berlin Major is here! 18 teams fighting for a $500,000 USD prize pool, 2700 DPC points, and the chance to qualify for The International! Join us for some incredible Dota at the first Major event entirely on the new 7.33 patch!","the esl one berlin major is here! 18 teams fighting for a $500,000 usd prize pool, 2700 dpc points, and the chance to qualify for the international! join us for some incredible dota at the first major event entirely on the new 7.33 patch!",en
144,lukiluki,74878,503.0,503.0,503.0,0,Rank 30 NA Dota 2 pubs. Live most days. Picking pango if it's not banned PepeHands,rank 30 na dota 2 pubs. live most days. picking pango if it's not banned pepehands,en
145,capcasts,74600,277.0,662.0,484.0,0,I'm a POWERFUL and ESTABLISHED caster who will crush you,i'm a powerful and established caster who will crush you,en
146,yapzordota,74474,613.0,3986.0,1945.0,0,dota,dota,en
147,serejaperviy,73944,216.0,216.0,216.0,0,–ü—Ä–µ–¥–ª–æ–∂–µ–Ω–∏—è —Å–æ—Ç—Ä—É–¥–Ω–∏—á–µ—Å—Ç–≤–∞: serejatwitch@gmail.com,cooperation offers: serejatwitch@gmail.com,ru
149,betboom_ru3,65634,888.0,6892.0,2411.0,0,C 12 –ú–∞—Ä—Ç–∞ –ø–æ 25 –ê–ø—Ä–µ–ª—è —Å—Ç—É–¥–∏—è FISSURE —Å–æ–≤–º–µ—Å—Ç–Ω–æ —Å BetBoom –æ—Å–≤–µ—Ç–∏—Ç –¥–ª—è –≤–∞—Å –≤—Ç–æ—Ä–æ–π —Ç—É—Ä —Ç—É—Ä–Ω–∏—Ä–∞ Dota Pro Circuit 2023 –≥–æ–¥–∞. –°–ª–µ–¥–∏ –∑–∞ —Ç—É—Ä–Ω–∏—Ä–æ–º –Ω–∞ –∫–∞–Ω–∞–ª–∞—Ö betboom_ru –∏ –ø–æ–¥–ø–∏—Å—ã–≤–∞–π—Å—è –Ω–∞ –Ω–∞—à–∏ —Å–æ—Ü–∏–∞–ª—å–Ω—ã–µ —Å–µ—Ç–∏ FISSURE!,"from march 12 to april 25, fissure studio, together with betboom, will illuminate for you the second tournament of dota pro circuit 2023.follow the tournament on the betboom_ru channels and subscribe to our social networks fissure!",ru
150,moonstudio_en,62994,314.0,5576.0,2072.0,0,We are a Casting Games Studio casting in different languages.,we are a casting games studio casting in different languages.,en
151,dota2mc_ua,62144,231.0,8754.0,2217.0,0,"Maincast ‚Äî —É–∫—Ä–∞—ó–Ω—Å—å–∫–∞ –∫—ñ–±–µ—Ä—Å–ø–æ—Ä—Ç–∏–≤–Ω–∞ –∫–æ–º–ø–∞–Ω—ñ—è, —è–∫–∞ —î #1 —É –°—Ö—ñ–¥–Ω—ñ–π –Ñ–≤—Ä–æ–ø—ñ. –û—Ñ—ñ—Ü—ñ–π–Ω–∏–π –±—Ä–æ–¥–∫–∞—Å—Ç–µ—Ä –≥–æ–ª–æ–≤–Ω–∏—Ö —Ç—É—Ä–Ω—ñ—Ä—ñ–≤ –≤—ñ–¥ Valve —Ç–∞ ESL. –¢—É—Ç —Ç–∏ –ø–æ–±–∞—á–∏—à –∫—ñ–±–µ—Ä—Å–ø–æ—Ä—Ç, —è–∫–∏–π –≤–∏—Ö–æ–¥–∏—Ç—å –∑–∞ —Ä–∞–º–∫–∏ –∑–≤–∏—á–∞–π–Ω–∏—Ö —Ç—Ä–∞–Ω—Å–ª—è—Ü—ñ–π.",maincast is a ukrainian cyber -sports company that is #1 in eastern europe.official brodcaster of the main tournaments from valve and esl.here you will see a cybersport that goes beyond the usual broadcasts.,uk
152,snessh,61568,420.0,980.0,651.0,0,–°—Ç—Ä–∏–º—ã –∫–∞–∂–¥—ã–π –¥–µ–Ω—å –≤ 4:30 +- –ø–æ–ª —á–∞—Å–∞ —Å—Ç–∞—Ä—Ç –∏ –¥–æ 12-13,streams every day at 4:30 +- half an hour start and up to 12-13,ru
155,4desports,59792,1188.0,28734.0,10677.0,0,"Bienvenido a la cobertura oficial en espa√±ol de la ESL ONE BERLIN MAJOR!  los mejores equipos en el mundo compiten por el sue√±o de llegar al siguiente THE INTERNATIONAL con un gran pozo de $500,000 USD, disfrutemos del mejor Dota competitivo desde el 26 de Abril al 7 de Mayo!","welcome to the official coverage in spanish of esl one berlin major!the best teams in the world compete for the dream of reaching the next the international with a large well of $ 500,000 usd, let's enjoy the best competitive endow from april 26 to may 7!",es
156,henry,59419,347.0,727.0,499.0,0,,na,1
157,saberlight00,56853,1045.0,2954.0,1656.0,0,BEST UPCOMING DOTA 2 PLAYXER/ VERY FUNNY GUY,best upcoming dota 2 player/ very funny guy,en
158,mapkezy,56349,377.0,844.0,649.0,0,,na,1
159,followjotm,54949,584.0,1418.0,941.0,0,"Dota 2 ex-proplayer, coach, panelist, caster.","dota 2 ex-proplayer, coach, panelist, caster.",en
160,dubas_the_slayer,52347,63.0,63.0,63.0,0,–°—Ç—Ä–∏–º—ã 24/7 dota2/poker https://t.me/dubasyatina follow me &lt;3 ,—Å—Ç—Ä–∏–º—ã 24/7 dota2/poker https://t.me/dubasyatina follow me &lt;3,en
161,jabzdota2,52216,965.0,1636.0,1283.0,0,hello ,hello,en
162,betboom_ru4,51674,635.0,14538.0,4308.0,0,–° 12 –º–∞—Ä—Ç–∞ –ø–æ 25 –∞–ø—Ä–µ–ª—è —Å—Ç—É–¥–∏—è FISSURE —Å–æ–≤–º–µ—Å—Ç–Ω–æ —Å BetBoom –æ—Å–≤–µ—Ç—è—Ç –¥–ª—è –≤–∞—Å –≤—Ç–æ—Ä–æ–π —Ç—É—Ä DPC 2023! –°–º–æ—Ç—Ä–∏—Ç–µ –ª—É—á—à–∏–µ –º–∞—Ç—á–∏ —Å–∏–ª—å–Ω–µ–π—à–∏—Ö —Ä–µ–≥–∏–æ–Ω–æ–≤ –≤ Dota 2 –Ω–∞ –∫–∞–Ω–∞–ª–∞—Ö betboom_ru –∏ –ø–æ–¥–ø–∏—Å—ã–≤–∞–π—Ç–µ—Å—å –Ω–∞ —Å–æ—Ü–∏–∞–ª—å–Ω—ã–µ —Å–µ—Ç–∏ FISSURE!,"from march 12 to april 25, fissure studio, together with betboom, will lighten the second round of dpc 2023 for you!see the best matches of the strongest regions in dota 2 on betboom_ru channels and subscribe to fissure social networks!",ru
163,valyusha,50413,457.0,3254.0,1103.0,0, ,na,1
165,pro_cast2,46674,186.0,333.0,259.0,1,–õ—é–±–ª—é –î–æ—Ç—É –∏ –¥–µ–≤–æ—á–µ–∫.,i love dota and girls.,ru
166,quiizzzmeow,46182,466.0,505.0,485.0,0,rapper/clown/,rapper/clown/,en
167,esb_dota2,46042,792.0,8202.0,2183.0,0,"Somos un studio de broadcasting y producci√≥n de esports. ¬°Este es nuestro canal especializado en Dota 2 y stream oficial del DPC SA, WEU, NA y EEU en espa√±ol para todo el mundo este 2023!","we are a broadcasting studio and esports production.this is our channel specialized in dota 2 and official stream of the dpc sa, weu, na and the us in spanish for everyone this 2023!",es
168,ravshanbtw,45408,407.0,2170.0,1398.0,3,–°—É–ø–µ—Ä —Ç–æ–ª–µ—Ä–∞–Ω—Ç–Ω—ã–π —Å—Ç—Ä–∏–º–µ—Ä! –ó–¥–µ—Å—å —è –∏–≥—Ä–∞—é –∏—Å–∫–ª—é—á–∏—Ç–µ–ª—å–Ω–æ –≤ –¥–æ—Ç—É –¥–ª—è —Å–≤–æ–∏—Ö! –û—Å–Ω–æ–≤–Ω–æ–π –∫–∞–Ω–∞–ª RavshanN,super tolerant streamer!here i play exclusively in dota for my own!the main channel ravshann,ru
169,bogush,45372,431.0,664.0,550.0,0,,na,1
170,sneykingdota,45111,728.0,1065.0,955.0,0,,na,1
172,aedrons,42663,222.0,222.0,222.0,0,Narrador que narra feliz para te deixar feliz e muitas pessoas felizes v√£o compartilhar sua felicidades em uma transmiss√£o da felicidade. Venha ser feliz tamb√©m.,narrator who narrates happy to make you happy and many happy people will share your happiness in a transmission of happiness.come be happy too.,pt
173,techiessenior,41756,424.0,674.0,553.0,0,Juego dota por diversion üí£Partner de @NitradoEs,game gives for fun üí£partner of @nitrades,es
174,meowsonic,41617,445.0,800.0,622.0,0,,na,1
175,abolfazl_shabdol,41590,256.0,342.0,299.0,0,It's zeRo with +18 streams,it's zero with +18 streams,en
176,bracubi,41149,102.0,102.0,102.0,0,Live todos os dias em hor√°rios aleat√≥rios.,live every day at random times.,pt
178,rayuur,40982,77.0,378.0,268.0,1,"Fala meu bom!, sou o Gabriel, mais conhecido como Rayuur. Aqui ter√° gameplay duvidosa, e as vezes de qualidade. M√∫sica boa, conte√∫do educacional sobre Dota, e assuntos sobre a vida, eu j√° disse m√∫sica boa? 23 anos 8K+ MMR.","speak my good! i'm gabriel, better known as rayuur.here will have dubious gameplay, and sometimes quality.good music, educational content about dota, and subjects about life, have you said good music?23 years 8k+ mmr.",pt
179,betboom_ru5,40503,1012.0,10865.0,3861.0,0,–° 12 –º–∞—Ä—Ç–∞ –ø–æ 4 –∞–ø—Ä–µ–ª—è —Å—Ç—É–¥–∏—è FISSURE —Å–æ–≤–º–µ—Å—Ç–Ω–æ —Å BetBoom –æ—Å–≤–µ—Ç—è—Ç –¥–ª—è –≤–∞—Å –≤—Ç–æ—Ä–æ–π —Ç—É—Ä DPC 2023! –°–º–æ—Ç—Ä–∏—Ç–µ –ª—É—á—à–∏–µ –º–∞—Ç—á–∏ —Å–∏–ª—å–Ω–µ–π—à–∏—Ö —Ä–µ–≥–∏–æ–Ω–æ–≤ –≤ Dota 2 –Ω–∞ –∫–∞–Ω–∞–ª–∞—Ö betboom_ru –∏ –ø–æ–¥–ø–∏—Å—ã–≤–∞–π—Ç–µ—Å—å –Ω–∞ —Å–æ—Ü–∏–∞–ª—å–Ω—ã–µ —Å–µ—Ç–∏ FISSURE!,"from march 12 to april 4, fissure studio, together with betboom, will lighten the second round of dpc 2023 for you!see the best matches of the strongest regions in dota 2 on betboom_ru channels and subscribe to fissure social networks!",ru
181,sttasha,39595,154.0,154.0,154.0,0,–¢–æ–ø–æ–≤—ã–π —Å—Ç—Ä–∏–º–µ—Ä –∏–∑ –≥–æ—Ä–æ–¥–∞ –ï–∫–∞—Ç–µ—Ä–∏–Ω–±—É—Ä–≥.,top streamer from the city of yekaterinburg.,ru
182,kusaka6e,39321,789.0,789.0,789.0,0,–≥–∞–¥–æ—Å—Ç—å,muck,ru
183,fumimochi,38231,28.0,28.0,28.0,0,escape from kitchen,escape from kitchen,en
184,sunsfantv,36814,649.0,932.0,790.0,0,,na,1
185,holly_brother,36503,2851.0,3123.0,2987.0,0,"—Ä–∞–±–æ—Ç–∞–µ–º –Ω–µ –ø–æ–∫–ª–∞–¥–∞—è —Ä—É–∫, –≥–æ—Ç–æ–≤–∏–º—Å—è —Å–µ—Å—Ç—å –Ω–∞ –º–µ–π–Ω ","we work without turning hands, preparing to sit on maine",ru
186,toeiii,36322,463.0,1409.0,738.0,0,,na,1
187,1cen1ce116,36029,71.0,1436.0,910.0,1,"Esports caster –ø–æ Dota 2 & CS:GO // –î–∞–Ω–∏–∏–ª, 25, –≥. –ö–∞–∑–∞–Ω—å. –ö–æ–º–º–µ–Ω—Ç–∏—Ä—É—é —Å 2015 –≥. –∫–∏–±–µ—Ä—Å–ø–æ—Ä—Ç–∏–≤–Ω—ã–µ –¥–∏—Å—Ü–∏–ø–ª–∏–Ω—ã –∏ –Ω–µ —Ç–æ–ª—å–∫–æ // ESL Challenger League & ESEA partner // Can send your offer here - halikov98@list.ru; –°–æ—Ü–∏–∞–ª–∫–∏ 1ceN1ce ‚Äì https://linktr.ee/1cen1ce","esports caster dota 2 & cs: go // daniil, 25, kazan.since 2015, i have been commenting on e -sports disciplines and not only // esl challenger league & esea partner // can send your offer here - halikov98@list.ru;socials 1cen1ce - https://linktr.ee/1cen1ce",ru
188,dota2mc4,35008,7230.0,7267.0,7248.0,0,,na,1
189,mouradota,34013,551.0,551.0,551.0,0,"Salve rapaziada sejam todos muito bem vindos, aqui voc√™ encontra gameplay + entretenimento ALTO N√çVEL, fa√ßo lives de segunda a sexta a partir das 13:00 ~ 14:00 at√© as 22:00 ~ 23-00.  ((partnerships/sponsors: brunomouradias@hotmail.com)).","save guys are all welcome, here you will find gameplay + high level entertainment, i do beautiful from monday to friday from 13:00 ~ 14:00 until 22:00 ~ 23-00.((partnerships/sponsors: brunomouradias@hotmail.com)).",pt
190,epulzeen2,33846,429.0,39270.0,12105.0,0,,na,1
191,epulzeen3,33142,380.0,21122.0,6673.0,0,,na,1
193,imperiusgg,31858,457.0,777.0,617.0,0,Comentarista profesional de esports -  Host de eventos - StreamerüéÆüéÆüéÆ,professional esports commentator - event host - streamerüéÆüéÆüéÆ,pt
194,paragon_eng,31719,417.0,21187.0,7008.0,0,Watch EEU DPC 2023 Spring tour! Use !egb to get bonus up to 600$ for new users,watch eeu dpc 2023 spring tour! use !egb to get bonus up to 600$ for new users,en
195,kavvaiiha,31497,37.0,37.0,37.0,0,"–ü—Ä–∏–≤–µ—Ç! –ú–µ–Ω—è –∑–æ–≤—É—Ç –ö–∞—Ç—é—à–∞.. –ª—é–±–ª—é –≤—Å–µ –≤–∫—É—Å–Ω–æ–µ –∏ –º–∏–ª–æ–µ. —Å—Ç—Ä–∏–º–ª—é –ø–æ—á—Ç–∏ –∫–∞–∂–¥—ã–π –¥–µ–Ω—å! –ï—Å–ª–∏ —Ç–µ–±–µ —Ç—É—Ç –ø–æ–Ω—Ä–∞–≤–∏—Ç—Å—è, —Ç–æ –∂–º–∏ —Ñ–æ–ª–ª–æ—É –∏ –æ—Å—Ç–∞–≤–∞–π—Å—è —Å –Ω–∞–º–∏ ;3   üçÇ‚ùÑÔ∏èüå∏üåû ‚ù§ –¥–ª—è —Å–≤—è–∑–∏ —Å–æ –º–Ω–æ–π –ø–∏—à–∏—Ç–µ –≤ –ª—Å –≥—Ä—É–ø–ø—ã –≤–∫ ‚ù§ - https://vk.com/kavvaiiha669 ‚ù§ –∏–ª–∏ –Ω–∞ –ø–æ—á—Ç—É ‚ù§ - kavvaiiha669@gmail.com üçÇ‚ùÑÔ∏èüå∏üåû","hello!my name is katyusha .. i love everything tasty and cute.i stream almost every day!if you like it here, then click follow and stay with us; 3 üçÇ‚ùÑÔ∏èüå∏üåû ‚ù§ write in the hp group vk ‚ù§ - https://vk.com/kavvaiha669 ‚ù§ or by mail ‚ù§ - kavvaiha669@gmail.comüçÇ‚ùÑÔ∏èüå∏üåû",ru
196,cursedcoach,31137,23.0,23.0,23.0,0,dead inside 18 y o ,dead inside 18 y o,en
197,ketlin_meow,30898,76.0,76.0,76.0,0,"–ó–∞–¥—Ä–æ—Ç —Å 5–ª–µ—Ç, —Ä–æ—Å–ª–∞ —Å ps1 –≤ –ª–∞–ø–∫–∞—Ö. –í–µ—Ç–µ—Ä–∞–Ω PW. –°—Ç—Ä–∏–º–ª—é c 2016, –Ω–æ—É–Ω–µ–π–º –∏ –∞–Ω–¥–µ–≥—Ä–∞—É–Ω–¥. –ù–∞ —Å—Ç—Ä–∏–º–µ –∏–≥—Ä–∞–µ–º –≤ –¥–æ—Ç—É, —ç–∫—Å–∫–ª—é–∑–∏–≤–∫–∏ –Ω–∞ ps –∏ nintendo, —Ä–ø–≥, —Å—Ç—Ä–∞—Ç–µ–≥–∏–∏, —Å–º–æ—Ç—Ä–∏–º —Ñ–∏–ª—å–º—ã –∏ —Ç—Ä–µ—à–æ–≤—ã–µ —à–æ—É.","harry with 5 years, grew with ps1 in paws.veteran pw.stream c 2016, novenim and underground.on stream, we play dota, exclusives on ps and nintendo, rpg, strategies, watch films and tresh shows.",ru
199,epulzeen4,30314,311.0,31505.0,11215.0,0,,na,1
200,icemo21,30108,242.0,242.0,242.0,0,–î–ª—è —Å–æ—Ç—Ä—É–¥–Ω–∏—á–µ—Å—Ç–≤–∞ –ø–∏—à–∏—Ç–µ @icemo21 –∏–ª–∏ @fante_0 –≤ —Ç–µ–ª–µ–≥–ª–∞–º–º,"for cooperation, write @icemo21 or @fante_0 in television chances",ru
201,epulzeen,29818,386.0,21107.0,10459.0,0,Follow your favorite teams across our pro-divisions and immerse yourself in the latest livestream productions.,follow your favorite teams across our pro-divisions and immerse yourself in the latest livestream productions.,en
202,laymelayme,29448,328.0,485.0,432.0,0,  ,na,1
203,sophy,28479,422.0,742.0,582.0,0,human golden retriever. i like gaming and making sound effects  ï‡∏á‚Ä¢·¥•‚Ä¢ î‡∏á,human golden retriever. i like gaming and making sound effects  ï‡∏á‚Ä¢·¥•‚Ä¢ î‡∏á,en
204,euproleague_ru,28272,278.0,7587.0,2438.0,0,Welcome to the European Pro League! –ü–æ –≤–æ–ø—Ä–æ—Å–∞–º —Å–æ—Ç—Ä—É–¥–Ω–∏—á–µ—Å—Ç–≤–∞ –∏ –¥—Ä—É–≥–∏–º –≤–æ–ø—Ä–æ—Å–∞–º - europeanprofleague@gmail.com,welcome to the european pro league!for cooperation and other issues - europeanprofleague@gmail.com,ru
205,malr1ne_dota,28121,439.0,1253.0,930.0,0,—è –°—Ç–∞—Å—è–Ω,i'm stasyan,uk
206,666_prada,27520,80.0,187.0,133.0,0,6000 Shadow Fi–µnd matches | max mmr 7830 | 1st 30lvl Sf.,6000 shadow fi–µnd matches | max mmr 7830 | 1st 30lvl sf.,en
207,zxcviolence,27201,296.0,296.0,296.0,0,–°–æ—Ç—Ä—É–¥–Ω–∏—á–µ—Å—Ç–≤–æ ~ zxcviolence@gmail.com        –†–µ–∫–ª–∞–º–∞ ~ https://vk.com/darkhezz    ,cooperation ~ zxcviolence@gmail.com advertising ~ https://vk.com/darkhezz,ru
208,bafik,26899,9.0,9.0,9.0,0,"The rhyme has to be perfect, the delivery flawless. –í—Å–µ –ø—Ä–æ Dota 2 —ñ –Ω–µ —Ç—ñ–ª—å–∫–∏! ","the rhyme has to be perfect, the delivery flawless.everything about dota 2 and not only!",uk
209,bone7,26746,52.0,52.0,52.0,0,,na,1
210,storm_q,26743,594.0,877.0,735.0,0,–õ—é–±–ª—é –î–æ—Ç—É!,i love dota!,uk
211,larldotadog,26373,1045.0,1045.0,1045.0,0,Close game enjoyer,close game enjoyer,en
212,btsbrasilesportes,25911,5.0,1493.0,730.0,1,"Somos a BTSBrasilTV, o maior est√∫dio independente de transmiss√£o de esportes eletr√¥nicos do Brasil, ativo desde 2017. Cobrimos e narramos esports. Este √© nosso canal especializado para jogos como Dota, CSGO, PES, FIFA, Rocket League e NBA!","we are btsbrasiltv, brazil's largest independent electronic sports transmission studio, active since 2017. we covered and narrate esports.this is our specialized channel for games like dota, csgo, pes, fifa, rocket league and nba!",pt
213,dariaren,25878,121.0,121.0,121.0,0,–Ω—É —Ç–∞–∫–∞—è —è.. –Ω–∏–∫–∞–∫–∞—è –≤ –æ–±—â–µ–º ,"well, i am .. no in general",ru
214,hajapjon,24719,52.0,52.0,52.0,0,"Hello it‚Äôs me Hajaü§™ I sing every Friday night, play game on Sunday/Tuesday/Thursday. Nice to meet y‚Äôall ü§ó","hello it‚Äôs me hajaü§™ i sing every friday night, play game on sunday/tuesday/thursday. nice to meet y‚Äôall ü§ó",en
215,flunkyflame,24458,10.0,10.0,10.0,0,–ü—Ä–æ—Ñ–µ—Å—Å–∏–æ–Ω–∞–ª—å–Ω—ã–π –∫–∏–±–µ—Ä—Å–ø–æ—Ä—Ç–∏–≤–Ω—ã–π –∫–æ–º–º–µ–Ω—Ç–∞—Ç–æ—Ä Dota2/CS:GO,professional e -sports commentator dota2/cs: go,ru
216,bo_white,23524,47.0,47.0,47.0,0,"–î–æ–±—Ä–æ –ø–æ–∂–∞–ª–æ–≤–∞—Ç—å! –Ø –ë–æ –í–∞–π—Ç =) –ò–≥—Ä–∞—é –≤ Dota 2, Dead by Daylight, The sims 4 –∏ –ø—Ä–æ—á–∏–µ —Å–∏–º—É–ª—è—Ç–æ—Ä—ã. –°—Ç—Ä–∏–º—ã –≤ –≤–µ—á–µ—Ä–Ω–µ–µ –≤—Ä–µ–º—è —á–∞—â–µ –≤—Å–µ–≥–æ, –Ω–æ –±—ã–≤–∞—é—Ç –∏ –¥–Ω–µ–º xD","welcome!i boit =) i play dota 2, dead by daylight, the sims 4 and other simulators.streams in the evening are most often, but there are a day xd",ru
217,marystv,22940,70.0,478.0,274.0,0,–õ—é–±–ª—é –≤–µ—Å—å –º–∏—Ä!,i love the whole world!,ru
218,betboom_eng,22812,1040.0,5803.0,3368.0,0,"The BetBoom Universe Dota 2 tournament will start on February 1st and will last until February 14th.The first episode will take us to the pages of comics and, we hope, will give all viewers unforgettable emotions from watching","the betboom universe dota 2 tournament will start on february 1st and will last until february 14th.the first episode will take us to the pages of comics and, we hope, will give all viewers unforgettable emotions from watching",en
219,boxi98,22304,940.0,1026.0,983.0,0,Helllo,na,1
221,taitake,20950,182.0,182.0,182.0,0,"–î–æ–±—Ä–æ–≥–æ –¥–Ω—è! —Ü–µ —Ç—Ä–∞–Ω—Å–ª—è—Ü—ñ—è —É–∫—Ä–∞—ó–Ω—Å—å–∫–æ—é, –¥–ª—è —É–∫—Ä–∞—ó–Ω—Ü—ñ–≤.  taitakedota2@gmail.com –∑ –ø—Ä–∏–≤–æ–¥—É —Å–ø—ñ–≤–ø—Ä–∞—Ü—ñ –ø–∏—à—ñ—Ç—å —Å—é–¥–∏","good day!this is a broadcast in ukrainian, for ukrainians.taitiedota2@gmail.com for cooperation write here",uk
222,chris_dota,20672,983.0,1046.0,1014.0,0,"Dota 2 Profesional player ,  playing mid for Evil Geniuses :)","dota 2 professional player , playing mid for evil geniuses :)",en
223,iannihilate,19786,538.0,1054.0,836.0,0,Dota 2 Mid player :),dota 2 mid player :),en
224,qsonya,19006,117.0,553.0,335.0,0,–ª—é–±–ª—é –ø–æ–∫—É—à–∞—Ü –∏ —Å–ø–∞—Ç—å,i love to eat and sleep,ru
225,teaguvnor,18888,645.0,645.0,645.0,0,Tea Drinking DPC Analyst   |   Ex Coach Chaos E.C / Hellbear Smashers   |   8.5K Support Player   |   British Chap,tea drinking dpc analyst   |   ex coach chaos e.c / hellbear smashers   |   8.5k support player   |   british chap,en
226,destinyleague_d2_ru,18689,144.0,489.0,271.0,0,–î–æ–±—Ä–æ –ø–æ–∂–∞–ª–æ–≤–∞—Ç—å –Ω–∞ –æ—Ñ–∏—Ü–∏–∞–ª—å–Ω—É—é —Ç—Ä–∞–Ω—Å–ª—è—Ü–∏—é DestinyLeague_d2. Destiny League - –∫–∏–±–µ—Ä—Å–ø–æ—Ä—Ç–∏–≤–Ω—ã–π –ø—Ä–æ–µ–∫—Ç –ø–æ –¥–∏—Å—Ü–∏–ø–ª–∏–Ω–µ Dota 2. –í—Å–µ–º –ø—Ä–∏—è—Ç–Ω–æ–≥–æ –ø—Ä–æ—Å–º–æ—Ç—Ä–∞ –∏ —Ö–æ—Ä–æ—à–µ–≥–æ –Ω–∞—Å—Ç—Ä–æ–µ–Ω–∏—è,welcome to the official broadcast of destinyague_d2.destiny league - e -sports project in the discipline dota 2. all a pleasant viewing and good mood,ru
227,jubeigaaaa,18227,74.0,74.0,74.0,0,boris sucks,boris sucks,en
228,dogbrain666,17825,568.0,661.0,614.0,0,PMA PLAYER,pma player,en
229,noizen,17569,48.0,48.0,48.0,0,"–ú–µ–Ω—è –∑–æ–≤—É—Ç –ú–∞–∫—Å–∏–º. –ò–∑–≤–µ—Å—Ç–µ–Ω –≤ —É–∑–∫–∏—Ö –∫—Ä—É–≥–∞—Ö –∫–∞–∫ –∫–æ–º–º–µ–Ω—Ç–∞—Ç–æ—Ä –∏ –∞–Ω–∞–ª–∏—Ç–∏–∫ –ø–æ Heroes of the Storm. –ò–º–µ—é —Å–ø–µ—Ü–∏—Ñ–∏—á–Ω–æ–µ —á—É–≤—Å—Ç–≤–æ —é–º–æ—Ä–∞, –ª–µ–≥–∫—É—é –±–µ–∑—Ä–∞—Å—Å—É–¥–Ω–æ—Å—Ç—å –∏ –º–µ—Å—Ç–∞–º–∏ –≥—Ä–æ–º–∫–∏–π –≥–æ–ª–æ—Å. –°–µ–π—á–∞—Å —Ñ—É–ª–ª —Ç–∞–π–º —Å—Ç—Ä–∏–º–µ—Ä –∏ –∫–æ–º—å—é–Ω–∏—Ç–∏ –∫–∞—Å—Ç–µ—Ä Heroes of the Storm / Hearthstone: Battlegrounds –∏ –Ω–∞—á–∏–Ω–∞–µ–º –∑–Ω–∞–∫–æ–º—Å—Ç–≤–æ —Å Dota 2.","my name is max.known in narrow circles as a commentator and analyst at heroes of the storm.i have a specific sense of humor, a slight recklessness and in places a loud voice.now full tim streamer and komyunity caster heroes of the storm / hearthstone: battlegrounds and begin to get to know dota 2.",ru
230,uniquee,17242,180.0,180.0,180.0,0,–°–æ—Ç—Ä—É–¥–Ω–∏—á–µ—Å—Ç–≤–æ: vk.com/uniwixe ,cooperation: vk.com/uniwixe,ru
231,sunfamejr,17154,73.0,73.0,73.0,0,–ó–∞–º–µ—Å—Ç–∏—Ç–µ–ª—å –ø–æ —É–ª—É—á—à–µ–Ω–∏—é –∫–æ–º—å—é–Ω–∏—Ç–∏,deputy to improve the community,ru
232,btsbrasilgames,17094,123.0,123.0,123.0,0,"Somos a BTSBrasilTV, o maior est√∫dio de transmiss√£o de esportes eletr√¥nicos do Brasil, ativo desde 2017. Cobrimos e narramos esports.","we are btsbrasiltv, brazil's largest electronic sports transmission studio, active since 2017. we covered and narrate esports.",pt
233,gabbidoto,16996,570.0,1199.0,840.0,0,,na,1
234,butterfly,16940,126.0,126.0,126.0,0,,na,1
235,zarkevich,16564,109.0,109.0,109.0,0,,na,1
236,yamichc,16524,55.0,55.0,55.0,0,–ø–æ –ø–æ–≤–æ–¥—É —Å–æ—Ç—Ä—É–¥–Ω–∏—á–µ—Å—Ç–≤–∞ –ø–∏—à–∏—Ç–µ https://vk.com/id249240822,"regarding cooperation, write https://vk.com/id249240822",ru
237,narodcast,16368,95.0,1960.0,902.0,0,NarodCast –æ—Å–≤–µ—â–∞—é—Ç –¥–ª—è –≤–∞—Å —Ç—É—Ä–Ω–∏—Ä—ã –ø–æ Dota 2. –°–æ—Ç—Ä—É–¥–Ω–∏—á–µ—Å—Ç–≤–æ - narodcast@gmail.com,narodcast highlights for you dota 2. cooperation - narodcast@gmail.com,ru
238,sadxakoda,16336,695.0,695.0,695.0,0,,na,1
239,ckootuha,16117,138.0,138.0,138.0,0,"–õ—Å, –Ω–æ—É–Ω–µ–π–º, 7–∫ –º—É—Å–æ—Ä, –µ—Å—Ç—å –ö–æ—Ä–≥–∏. ¬†¬†¬†¬†¬†¬†¬†¬†¬†¬†¬†¬†¬†¬†¬†¬†¬†¬†¬†¬†¬†¬†¬†¬†¬†¬†¬†¬†¬†¬†¬†¬†¬†¬†¬†¬†¬†¬†¬†¬†¬†¬†¬†¬†¬†¬†¬†¬†¬†¬†¬†¬†¬†¬†¬†¬†¬†¬†¬†¬†¬†¬†¬†¬†¬†¬†¬†¬†¬†¬†¬†¬†¬†¬†¬†¬†¬†¬†¬†                                                     MeepoGGeomancer@rambler.ru - Commerce ","pm, novenem, 7k garbage, there are corgs.meepoggeomacer@rambler.ru - commerce",ru
240,eksi,16076,84.0,84.0,84.0,0,,na,1
241,zaralizara,16048,13.0,13.0,13.0,0,"Paradise not lost, it's in you. Open endorsement for any bussiness inquiries advertising@emerge-esports.com","paradise not lost, it's in you. open endorsement for any bussiness inquiries advertising@emerge-esports.com",en
242,aiiwan,16016,331.0,3243.0,1413.0,0,"‡∏ú‡∏° Aiiwan ""‡πÑ‡∏≠‡πâ‡πÅ‡∏ß‡πà‡∏ô"" ‡∏ô‡∏±‡∏Å‡∏û‡∏≤‡∏Å‡∏¢‡πå‡πÇ‡∏î‡∏ï‡πâ‡∏≤2 ‡∏´‡∏ô‡πâ‡∏≤‡πÉ‡∏´‡∏°‡πà ‡∏ï‡∏¥‡∏î‡∏ï‡∏≤‡∏°‡∏ó‡∏±‡∏ß‡∏£‡πå‡πÄ‡∏•‡πá‡∏Å‡∏ó‡∏±‡∏ß‡∏£‡πå‡πÉ‡∏´‡∏ç‡πà‡πÑ‡∏î‡πâ‡∏´‡∏°‡∏î ‡πÄ‡∏ô‡πâ‡∏ô‡∏Ñ‡∏ß‡∏≤‡∏°‡∏°‡∏±‡∏ô‡∏™‡πå‡πÄ‡∏õ‡πá‡∏ô‡∏´‡∏•‡∏±‡∏Å ‡∏ß‡∏¥‡πÄ‡∏Ñ‡∏£‡∏≤‡∏∞‡∏´‡πå‡πÅ‡∏°‡πà‡∏ô‡πÑ‡∏°‡πà‡πÅ‡∏°‡πà‡∏ô‡∏ï‡πâ‡∏≠‡∏á‡∏°‡∏≤‡∏•‡∏≠‡∏á!","i am aiiwan. ""glasses"", a new dota dubbed, can follow all the small tour.mainly focusing on funaccurate analysis is not accurate. must try!",th
243,hetag,16015,113.0,113.0,113.0,0,–û–±—ã—á–Ω—ã–π –ø–∞—Ä–µ–Ω—å —Ç–∞–∫–æ–π –∂–µ –∫–∞–∫ –∏ –≤—ã –ü—Ä–æ—Å—Ç–æ –ø–æ–≤–µ–∑–ª–æ,an ordinary guy is the same as you just lucky,ru
244,jerichodota,15838,436.0,2183.0,1334.0,3,Contacto: contacto@jerichodota.com,contact: contact@jerichodota.com,es
245,sclkoma,15799,713.0,1129.0,867.0,0,–°–æ—Ç—Ä—É–¥–Ω–∏—á–µ—Å—Ç–≤–æ - sclkomaoffers@gmail.com,cooperation - sclkomaffers@gmail.com,ru
247,hoxieloxie,15653,69.0,69.0,69.0,0,"23, UK, gym goer and Dota 2 streamer for @TundraEsports ‚ùÑÔ∏èbusiness stuff: pikapudge@gmail.com","23, uk, gym goer and dota 2 streamer for @tundraesports ‚ùÑÔ∏èbusiness stuff: pikapudge@gmail.com",en
248,euproleague2_ru,15589,598.0,3192.0,1707.0,0,Welcome to the European Pro League! –ü–æ –≤–æ–ø—Ä–æ—Å–∞–º —Å–æ—Ç—Ä—É–¥–Ω–∏—á–µ—Å—Ç–≤–∞ –∏ –¥—Ä—É–≥–∏–º –≤–æ–ø—Ä–æ—Å–∞–º - europeanprofleague@gmail.com,welcome to the european pro league!for cooperation and other issues - europeanprofleague@gmail.com,ru
249,marnorz,14758,4.0,4.0,4.0,0,"Stream Schedule: M-F 7pm-11pm PSTWeekends - Whatever happens, happens.","stream schedule: m-f 7pm-11pm pst weekends - whatever happens, happens.",en
250,yawar_,14573,517.0,1520.0,1090.0,0,,na,1
251,euproleague_en,14493,37.0,2143.0,1253.0,0,For cooperation and other questions - europeanprofleague@gmail.com,for cooperation and other questions - europeanprofleague@gmail.com,en
252,deabraba,14299,38.0,38.0,38.0,0,"Andr√©a Vit√≥ria, que de vit√≥ria s√≥ tem o nome. Suport player tentando a vida de streamer.Dota, animes, jogos variados e muito mais, vem  me conhecer! ^^","andr√©a vit√≥ria, who from vit√≥ria only has the name.support player trying the life of streamer. dota, anime, varied games and more, come to know me!^^",pt
253,thedimon,14248,25.0,25.0,25.0,0,–°–æ—Ç—Ä—É–¥–Ω–∏—á–µ—Å—Ç–≤–æ  thedimon@internet.ru,cooperation thedimon@internet.ru,ru
254,antohahahha,14022,80.0,1074.0,577.0,0,9k 5 position dota 2 c00l player,9k 5 position dota 2 c00l player,en
255,soda_23,13957,69.0,69.0,69.0,0,–°–µ—Ä–≥–µ–π. 29 –ª–µ—Ç. –°—Ç—Ä–∏–º–ª—é Dota 2. 3500 –º–∞—Ç—á–µ–π –Ω–∞ –º–æ—Ä—Ñ–µ. –ñ–∏–≤—É –≤ –ú–æ—Å–∫–≤–µ. –í–µ–¥—É—â–∏–π –∏ –æ—Ä–≥–∞–Ω–∏–∑–∞—Ç–æ—Ä –∏–Ω—Ç–µ–ª–ª–µ–∫—Ç—É–∞–ª—å–Ω—ã—Ö –∏–≥—Ä.,sergey.29 years.stream dota 2. 3500 matches on the morph.i live in moscow.leading and organizer of intellectual games.,ru
256,armsdota,13654,6.0,6.0,6.0,0,"Sou o Arms, conhecido como bad arminhus, sou jogador profissional de dota 2 no brasil, por aqui tentamos ser o mais amig√°vel poss√≠vel, tamb√©m jogamos jogos RPGS retr√¥ de vez em quando!","i'm arms, known as bad arminius, i'm a professional dota 2 player in brazil, here we try to be as friendly as possible, we also play retro rpg games from time to time!",pt
257,skevich_,13623,1486.0,1486.0,1486.0,0,"–ù–∞–∑–∏–≤–∞–π—Ç–µ –º–µ–Ω–µ –°–∫–µ–ª—è, –º–æ—è —Ä–æ–±–æ—á–∞ –ø–æ—à—Ç–∞: romeoo931@gmail.com","call me a rock, my work mail: romeooo931@gmail.com",uk
258,yulia_pinko,13479,106.0,493.0,302.0,0,Dota 2,dota 2,en
259,esb_dota2_b,13217,308.0,4556.0,2218.0,0,"Creemos en el poder de los esports para lograr sue√±os, contar historias inspiradoras y cambiar el mundo para bien ‚ö°","we believe in the power of esports to achieve dreams, tell inspiring stories and change the world for good ‚ö°",es
260,reira,12562,167.0,167.0,167.0,0,—Å–º—ã—Å–ª —Å—Ç—Ä–∏–º–∞ —ç—Ç–æ –±–ª–∏–Ω –¥–∞—Ç—å —Ç–µ–±–µ –ø–æ–Ω—è—Ç—å —á—Ç–æ —Ç—É—Ç –Ω–∞–¥–æ –ø—Ä–æ—Å—Ç–æ —Å–º–æ—Ç—Ä–µ—Ç—å —Å—Ç—Ä–∏–º –∞ –Ω–µ –±—ã—Ç—å,the meaning of stream is a pancake to let you understand that you just need to watch a stream and not be,ru
261,bodyaa_,12542,23.0,23.0,23.0,0,"–ë–æ–≥–¥–∞–Ω,–ë–æ–¥—è,–ë–æ–¥—è–Ω,–ë–æ–≥–¥–∞–Ω—á–∏–∫,–ë–æ–≥–¥–∞—à–∞,–ë–æ–≥–¥–∞–º–∏—Ä!","bogdan, bodya, bodyan, bogdanchik, bogdasha, bogdamir!",uk
262,dota2mc_ua2,12385,959.0,1655.0,1356.0,0,"Maincast ‚Äî —É–∫—Ä–∞—ó–Ω—Å—å–∫–∞ –∫—ñ–±–µ—Ä—Å–ø–æ—Ä—Ç–∏–≤–Ω–∞ –∫–æ–º–ø–∞–Ω—ñ—è, —è–∫–∞ —î #1 —É –°—Ö—ñ–¥–Ω—ñ–π –Ñ–≤—Ä–æ–ø—ñ. –û—Ñ—ñ—Ü—ñ–π–Ω–∏–π –±—Ä–æ–¥–∫–∞—Å—Ç–µ—Ä –≥–æ–ª–æ–≤–Ω–∏—Ö —Ç—É—Ä–Ω—ñ—Ä—ñ–≤ –≤—ñ–¥ Valve —Ç–∞ ESL. –¢—É—Ç —Ç–∏ –ø–æ–±–∞—á–∏—à –∫—ñ–±–µ—Ä—Å–ø–æ—Ä—Ç, —è–∫–∏–π –≤–∏—Ö–æ–¥–∏—Ç—å –∑–∞ —Ä–∞–º–∫–∏ –∑–≤–∏—á–∞–π–Ω–∏—Ö —Ç—Ä–∞–Ω—Å–ª—è—Ü—ñ–π.",maincast is a ukrainian cyber -sports company that is #1 in eastern europe.official brodcaster of the main tournaments from valve and esl.here you will see a cybersport that goes beyond the usual broadcasts.,uk
263,4desports_2,12135,28.0,12392.0,6210.0,0,"Bienvenido a la cobertura oficial en espa√±ol de la DreamLeague Season 19! 16 de los mejores equipos en el mundo compiten en un nuevo, compacto, torneo online de alto nivel con un gran pozo de $1,000,000 USD, disfrutemos del mejor Dota competitivo desde el 9 al 23 de Abril!","welcome to the official coverage in spanish of the dreamleague season 19!16 of the best teams in the world compete in a new, compact, high -level online tournament with a large well of $ 1,000,000 usd, let's enjoy the best competitive endow from april 9 to 23!",es
264,rusty,12125,73.0,73.0,73.0,0,"–ü—Ä–∏–≤–µ—Ç, –¥–æ—Ä–æ–≥–æ–π –∑—Ä–∏—Ç–µ–ª—å, –¥–æ–±—Ä–æ –ø–æ–∂–∞–ª–æ–≤–∞—Ç—å, —á—É–≤—Å—Ç–≤—É–π —Å–µ–±—è –∫–∞–∫ –¥–æ–º–∞, –Ω–æ –Ω–µ –∑–∞–±—ã–≤–∞–π —á—Ç–æ —Ç—ã –≤ –≥–æ—Å—Ç—è—Ö üåø –û–∑–Ω–∞–∫–æ–º—å—Å—è —Å –∏–Ω—Ñ–æ—Ä–º–∞—Ü–∏–µ–π –ø–æ–¥ —Å—Ç—Ä–∏–º–æ–º –∏ –ø—Ä–∞–≤–∏–ª–∞–º–∏ —á–∞—Ç–∞ ‚ö†  –ò –ø—Ä–∏—è—Ç–Ω–æ–≥–æ –ø—Ä–æ—Å–º–æ—Ç—Ä–∞! ü¶Ñ ","hello, dear viewer, welcome, feel at home, but do not forget that you are visiting üåø familiarize yourself with information under the stream and the rules of the chat ‚ö† and pleasant viewing!ü¶Ñ",ru
265,euproleague2_en,11910,555.0,863.0,709.0,0,Welcome to the European Pro League! For cooperation and other questions - europeanprofleague@gmail.com,welcome to the european pro league! for cooperation and other questions - europeanprofleague@gmail.com,en
266,dissantro,11881,83.0,83.0,83.0,0,–õ—É—á—à–∏–π Arc warden,best arc warden,ru
267,fourapril,11394,479.0,723.0,601.0,0,,na,1
268,art_dotes,10961,15.0,22.0,18.0,0,Invoker King. ,invoker king.,en
269,2b_doto,10847,,,,0,Empty shell of my former self.,empty shell of my former self.,en
272,quoarine_oficial,10281,175.0,175.0,175.0,0,"Soy Quoarine el Tinker numero 1 del mundo, les vengo a traer partidas emocionantes y espero que podamos aprender todos juntos para ser mejores jugadores. Ning√∫n reto es suficientemente alto, ni suficientemente dif√≠cil para TINKER. ","i am quoarine the world number 1, i come to bring exciting games and i hope we can learn all together to be better players.no challenge is high enough, nor difficult enough for tinker.",es
273,tiltusha,10209,633.0,633.0,633.0,0,,na,1
274,jessjenius,10016,51.0,51.0,51.0,0,Professional Australian DOTA2 Feeder.,professional australian dota2 feeder.,en
275,pinnacle_dota,9925,7993.0,12307.0,9652.0,0,The world‚Äôs sharpest bookmaker sharing unique betting insight. 18+ Gamble responsibly: pinnacle.gg/responsiblegaming üîû,the world‚Äôs sharpest bookmaker sharing unique betting insight. 18+ gamble responsibly: pinnacle.gg/responsiblegaming üîû,en
276,iceicell,9698,86.0,86.0,86.0,0,—è –æ–±—ã—á–Ω—ã–π —Ä—É—Å–∫–∏–π –ø–∞—Ä–µ–Ω—å –∏ –º–Ω –µ –≤—Å–µ –Ω–∏ –ø–æ —á–µ–º,i am an ordinary russian guy and i have anything,ru
277,dota2mc_ua3,9128,193.0,193.0,193.0,0,"Maincast ‚Äî —É–∫—Ä–∞—ó–Ω—Å—å–∫–∞ –∫—ñ–±–µ—Ä—Å–ø–æ—Ä—Ç–∏–≤–Ω–∞ –∫–æ–º–ø–∞–Ω—ñ—è, —è–∫–∞ —î #1 —É –°—Ö—ñ–¥–Ω—ñ–π –Ñ–≤—Ä–æ–ø—ñ. –û—Ñ—ñ—Ü—ñ–π–Ω–∏–π –±—Ä–æ–¥–∫–∞—Å—Ç–µ—Ä –≥–æ–ª–æ–≤–Ω–∏—Ö —Ç—É—Ä–Ω—ñ—Ä—ñ–≤ –≤—ñ–¥ Valve —Ç–∞ ESL. –¢—É—Ç —Ç–∏ –ø–æ–±–∞—á–∏—à –∫—ñ–±–µ—Ä—Å–ø–æ—Ä—Ç, —è–∫–∏–π –≤–∏—Ö–æ–¥–∏—Ç—å –∑–∞ —Ä–∞–º–∫–∏ –∑–≤–∏—á–∞–π–Ω–∏—Ö —Ç—Ä–∞–Ω—Å–ª—è—Ü—ñ–π.",maincast is a ukrainian cyber -sports company that is #1 in eastern europe.official brodcaster of the main tournaments from valve and esl.here you will see a cybersport that goes beyond the usual broadcasts.,uk
278,hatemeeedog,9008,125.0,136.0,130.0,0,"–æ—á–µ–Ω—å –∂—ë—Å—Ç–∫–∏–π –∏–≥—Ä–æ–∫ –≤ dota two, –ø–æ–±–µ–¥–∏—Ç–µ–ª—å –±—É–¥—É—â–∏—Ö –∏–Ω—Ç–æ–≤, –∏ –ø—Ä–æ—Å—Ç–æ —Ç–æ–ø 1 —à—Ç–æ—Ä–º","a very strict player in dota two, winner of future ints, and just a top 1 storm",ru
279,4desports_3,8841,5477.0,11854.0,8665.0,0,"Bienvenido a la cobertura oficial en espa√±ol de la DreamLeague Season 19! 16 de los mejores equipos en el mundo compiten en un nuevo, compacto, torneo online de alto nivel con un gran pozo de $1,000,000 USD, disfrutemos del mejor Dota competitivo desde el 9 al 23 de Abril!","welcome to the official coverage in spanish of the dreamleague season 19!16 of the best teams in the world compete in a new, compact, high -level online tournament with a large well of $ 1,000,000 usd, let's enjoy the best competitive endow from april 9 to 23!",es
280,convulsx,8768,39.0,39.0,39.0,0,https://vk.com/ebashyvdoty2 —Å–æ—Ç—Ä—É–¥–Ω–∏—á–µ—Å—Ç–≤–æ ,https://vk.com/ebashyvdoty2 cooperation,ru
281,pinnacle_dota_ru,8757,5160.0,19132.0,12732.0,0,The world‚Äôs sharpest bookmaker sharing unique betting insight. 18+ Gamble responsibly: pinnacle.gg/responsiblegaming üîû,the world‚Äôs sharpest bookmaker sharing unique betting insight. 18+ gamble responsibly: pinnacle.gg/responsiblegaming üîû,en
282,iamkise,8700,26.0,26.0,26.0,0,"psych–æ but cute ""üê±                                                                                                                                                                                                                  —Å–æ—Ç—Ä—É–¥–Ω–∏—á–µ—Å—Ç–≤–æ - kisebreeze@gmail.com | https://vk.com/kiseexm","psycho but cute ""üê± cooperation - kisebreeze@gmail.com | https://vk.com/kiseexm",ru
283,betboom_ru6,8519,787.0,3398.0,1829.0,0,–° 12 –º–∞—Ä—Ç–∞ –ø–æ 4 –∞–ø—Ä–µ–ª—è —Å—Ç—É–¥–∏—è FISSURE —Å–æ–≤–º–µ—Å—Ç–Ω–æ —Å BetBoom –æ—Å–≤–µ—Ç—è—Ç –¥–ª—è –≤–∞—Å –≤—Ç–æ—Ä–æ–π —Ç—É—Ä DPC 2023! –°–º–æ—Ç—Ä–∏—Ç–µ –ª—É—á—à–∏–µ –º–∞—Ç—á–∏ —Å–∏–ª—å–Ω–µ–π—à–∏—Ö —Ä–µ–≥–∏–æ–Ω–æ–≤ –≤ Dota 2 –Ω–∞ –∫–∞–Ω–∞–ª–∞—Ö betboom_ru –∏ –ø–æ–¥–ø–∏—Å—ã–≤–∞–π—Ç–µ—Å—å –Ω–∞ —Å–æ—Ü–∏–∞–ª—å–Ω—ã–µ —Å–µ—Ç–∏ FISSURE!,"from march 12 to april 4, fissure studio, together with betboom, will lighten the second round of dpc 2023 for you!see the best matches of the strongest regions in dota 2 on betboom_ru channels and subscribe to fissure social networks!",ru
284,mydessery,8139,217.0,217.0,217.0,0,‚ô° ùíòùíÜùíçùíÑùíêùíéùíÜ ùíïùíê ùíéùíö ùíÑùíâùíÇùíèùíèùíÜùíç,‚ô° ùíòùíÜùíçùíÑùíêùíéùíÜ ùíïùíê ùíéùíö ùíÑùíâùíÇùíèùíèùíÜùíç,en
285,4desports_4,8065,1159.0,1159.0,1159.0,0,,na,1
286,dota2mc_ua4,7686,233.0,233.0,233.0,0,"Maincast ‚Äî —É–∫—Ä–∞—ó–Ω—Å—å–∫–∞ –∫—ñ–±–µ—Ä—Å–ø–æ—Ä—Ç–∏–≤–Ω–∞ –∫–æ–º–ø–∞–Ω—ñ—è, —è–∫–∞ —î #1 —É –°—Ö—ñ–¥–Ω—ñ–π –Ñ–≤—Ä–æ–ø—ñ. –û—Ñ—ñ—Ü—ñ–π–Ω–∏–π –±—Ä–æ–¥–∫–∞—Å—Ç–µ—Ä –≥–æ–ª–æ–≤–Ω–∏—Ö —Ç—É—Ä–Ω—ñ—Ä—ñ–≤ –≤—ñ–¥ Valve —Ç–∞ ESL. –¢—É—Ç —Ç–∏ –ø–æ–±–∞—á–∏—à –∫—ñ–±–µ—Ä—Å–ø–æ—Ä—Ç, —è–∫–∏–π –≤–∏—Ö–æ–¥–∏—Ç—å –∑–∞ —Ä–∞–º–∫–∏ –∑–≤–∏—á–∞–π–Ω–∏—Ö —Ç—Ä–∞–Ω—Å–ª—è—Ü—ñ–π.",maincast is a ukrainian cyber -sports company that is #1 in eastern europe.official brodcaster of the main tournaments from valve and esl.here you will see a cybersport that goes beyond the usual broadcasts.,uk
287,caglaocak,7038,26.0,26.0,26.0,0,"Merhaba. ƒ∞smim √áaƒüla, eski nickimle biricibi. 26 ya≈üƒ±ndayƒ±m. Hacettepe √úniversitesi mezunuyum. Ankara‚Äôda ya≈üƒ±yorum. Yayƒ±nlara katƒ±lƒ±p, beni desteklerseniz √ßook mutlu olurum. Umarƒ±m eƒülenirsiniz.","hello.my name is √ßaƒüla, my old nickname.26 years old.i am a graduate of hacettepe university.i live in ankara.i would be very happy if you join the publications and support me.i hope you have fun.",tr
288,doubleespresso,7036,99.0,99.0,99.0,0,"–ú–µ–Ω–µ –∑–º—É—Å–∏–ª–∏ –∑–∞–ø—É—Å—Ç–∏—Ç–∏ —Ü–µ–π –∫–∞–Ω–∞–ª, —Ç–∞ —Å—Ç—Ä—ñ–º–∏—Ç–∏ –¥–æ—Ç—É, –≤–∏–±–∞—á—Ç–µ. –î–ª—è –ø—Ä–æ–ø–æ–∑–∏—Ü—ñ–π —Å–ø—ñ–≤–ø—Ä–∞—Ü—ñ, –ø–∏—Å–∞—Ç–∏ —Å—é–¥–∏: doublee7presso@gmail.com","i was forced to launch this channel, and to shoot dota, sorry.for cooperation proposals, write here: doublee7presso@gmail.com",uk
289,nefrita,7008,61.0,61.0,61.0,0,"–ú–∞–ª–æ–ª–µ—Ç–Ω—è—è –¥–µ–ª–∏–∫–≤–µ–Ω—Ç–æ—á–∫–∞, –Ω–µ—Å–º–æ—Ç—Ä—è –Ω–∞ –ø—Ä—è–º–æ—Ç—É –∏ —Å–∏–º–ø–∞—Ç–∏—á–Ω–æ—Å—Ç—å... –ü–æ –≤–æ–ø—Ä–æ—Å–∞–º —Å–æ—Ç—Ä—É–¥–Ω–∏—á–µ—Å—Ç–≤–∞ nefritasama@mail.ru","small delicenter, despite directness and cute ... on cooperation with nefritasama@mail.ru",ru
290,yuhengtv,6881,615.0,615.0,615.0,0,"Twitch Verified Partner | Believer | Content Creator | Love my Life. Talk about DOTA 2. Always tryna be kind, always persevere and always try to do better","twitch verified partner | believer | content creator | love my life. talk about dota 2. always tryna be kind, always persevere and always try to do better",en
291,kertenkele,6587,114.0,114.0,114.0,0,"I was born in 1999. Even though my school life is a university graduate, my real heart, my goal and my life is to represent Turkey in Dota 2 around the world.","i was born in 1999. even though my school life is a university graduate, my real heart, my goal and my life is to represent turkey in dota 2 around the world.",en
292,earthqdota,6500,30.0,30.0,30.0,0,"–í—Ä–∞—á-—Ö–∏—Ä—É—Ä–≥. –ú–∞–∫—Å–∏–º–∞–ª—å–Ω–æ –ø–æ–∑–∏—Ç–∏–≤–Ω—ã–π –∏ —Å—Ç–∞—Ä—ã–π —á–µ–ª–æ–≤–µ–∫, –∏–≥—Ä–∞—é—â–∏–π –Ω–∞ —á–µ—Ç–≤–µ—Ä–∫–µ (7000+ —Ä–µ–π—Ç–∏–Ω–≥–∞). 30 Tusk, 30 Dark Willow, 30 Earth Spirit, 30 Rubick. –ù–µ —Å—Ç—Ä–µ–º–ª—é—Å—å –≤ –∫–∏–±–µ—Ä—Å–ø–æ—Ä—Ç –∏ –ø—Ä–æ—Ñ–µ—Å—Å–∏–æ–Ω–∞–ª—å–Ω—É—é –¥–æ—Ç—É, –∏–≥—Ä–∞—é —Ä–∞–¥–∏ –∫–æ–Ω—Ç–µ–Ω—Ç–∞ –∏ —Å–≤–æ–∏—Ö –ø–æ–¥–ø–∏—Å—á–∏–∫–æ–≤. –ù–∞—É—á—É —Ç–µ–±—è –∏–∑—è—â–Ω–æ —Ä—É–≥–∞—Ç—å—Å—è –∏ –º–∞—Ç–µ—Ä–∏—Ç—å—Å—è –∑–∞ –æ–¥–∏–Ω —Å—Ç—Ä–∏–º. ","surgeon.the most positive and old man playing on the four (7000+ rating).30 tusk, 30 dark willow, 30 earth spirit, 30 rubick.i do not strive for e -sports and professional dota, i play for the sake of content and my subscribers.i will teach you gracefully swearing and swearing for one stream.",ru
293,lazyfoxyket,6438,35.0,35.0,35.0,0,"–õ–µ–Ω–∏–≤–∞—è –§–æ–∫—Å—è, —Å—Ç—Ä–∏–º–∏—Ç –¥–ª—è –≤–∞—Å üíñ ","lazy foxy, strip for you üíñ",ru
294,krylat,6148,69.0,69.0,69.0,0,https://vk.com/krylatfp –ø–æ –≤—Å–µ–º –≤–æ–ø—Ä–æ—Å–∞–º.–°–ø–∞—Å–∏–±–æ –∑–∞ –ø–æ–¥–ø–∏—Å–∫—É –Ω–∞ —Å–æ—Ü—Å–µ—Ç–∏!,https://vk.com/krylatfp on all issues. thank you for a subscription on the social network!,ru
295,narodcast2,6054,49.0,1389.0,605.0,0,NarodCast –æ—Å–≤–µ—â–∞—é—Ç –¥–ª—è –≤–∞—Å —Ç—É—Ä–Ω–∏—Ä—ã –ø–æ Dota 2. –°–æ—Ç—Ä—É–¥–Ω–∏—á–µ—Å—Ç–≤–æ - narodcast@gmail.com,narodcast highlights for you dota 2. cooperation - narodcast@gmail.com,ru
296,esb_dota2_c,6015,835.0,835.0,835.0,0,"Creemos en el poder de los esports para lograr sue√±os, contar historias inspiradoras y cambiar el mundo para bien ‚ö°","we believe in the power of esports to achieve dreams, tell inspiring stories and change the world for good ‚ö°",es
297,cw_arena_dota2,5695,974.0,4774.0,2516.0,0,"–ö–∏–±–µ—Ä—Å–ø–æ—Ä—Ç–∏–≤–Ω–∞—è –ª–∏–≥–∞ –ø–æ DOTA 2. –£—á–∞—Å—Ç–∏—è –º–æ–∂–µ—Ç –ø—Ä–∏–Ω—è—Ç—å –ª—é–±–æ–π –∂–µ–ª–∞—é—â–∏–π –∏ —Å–æ–≤–µ—Ä—à–µ–Ω–Ω–æ –±–µ—Å–ø–ª–∞—Ç–Ω–æ! –£ –Ω–∞—Å –µ—Å—Ç—å 2 –¥–∏–≤–∏–∑–∏–æ–Ω–∞: –ü–µ—Ä–≤—ã–π c 4500 –º–º—Ä+(–µ—Å—Ç—å –∏—Å–∫–ª—é—á–µ–Ω–∏—è) –í—Ç–æ—Ä–æ–π –æ—Ç 1500 –¥–æ 4500 –º–º—Ä (–µ—Å—Ç—å –∏—Å–∫–ª—é—á–µ–Ω–∏—è) –î–ª—è –ª–æ—É –º–º—Ä –∏–≥—Ä–æ–∫–æ–≤ —É –Ω–∞—Å –µ—Å—Ç—å ""–∫–æ—É—á –º–∞—Ç—á"" –î–ª—è —É—á–∞—Å—Ç–∏—è –∑–∞—Ö–æ–¥–∏—Ç–µ –Ω–∞ –Ω–∞—à discoed —Å–µ—Ä–≤–µ—Ä –∏ –ø–∏—à–∏—Ç–µ –∞–¥–º–∏–Ω—É.",the e -sports league for dota 2. anyone can take part and completely free!we have 2 divisions: the first c 4500 mm+(there are exceptions) of the second from 1500 to 4500 mmr (there are exceptions) for law mmr players we have a ‚Äúcoach match‚Äù to participate on our discoed server and write the admin.,ru
298,doomfernus,5394,49.0,49.0,49.0,0,"–ï–≤–≥–µ–Ω–∏–π, –∂–∏–≤—É –≤ –ú–°–ö, —Ä–∞–±–æ—Ç–∞—é —Ñ—Ä–æ–Ω—Ç–µ–Ω–¥ –ø—Ä–æ–≥—Ä–∞–º–º–∏—Å—Ç–æ–º, –ø—Ä–æ–≤–æ–∂—É –ø–æ–ª–∏—Ç–∏—á–µ—Å–∫–∏–µ —Å—Ç—Ä–∏–º—ã, –∞—É–∫—Ü–∏–æ–Ω—ã –Ω–∞ –∫–æ–Ω—Ç–µ–Ω—Ç –æ—Ç –∑—Ä–∏—Ç–µ–ª–µ–π, —Å–ª—É—à–∞—é —Ç—è–∂–µ–ª—è–∫, –∏–Ω–æ–≥–¥–∞ –≤ –∏–≥—Ä—ã –∏–≥—Ä–∞—é –∏ –Ω–∞ –≥–∏—Ç–∞—Ä–µ. –°–æ—Ç—Ä—É–¥–Ω–∏—á–µ—Å—Ç–≤–æ - doomfernus@gmail.com","eugene, i live in moscow time, i work front -end programmer, i spend political streams, auctions for content from the audience, listen to a heavyweight, sometimes i play games on the guitar.cooperation - doomfernus@gmail.com",ru
299,babuflexss,5387,41.0,41.0,41.0,0,top1 broodmother ,top1 broodmother,en
300,meks120kg,5373,15.0,15.0,15.0,0,,na,1
301,ancientsleague,5295,93.0,93.0,93.0,0,Ancients League is an online-tournament among regional teams from Eastern Europe and Central Asia,ancients league is an online-tournament among regional teams from eastern europe and central asia,en
302,sergeymorpeh,4795,3094.0,3094.0,3094.0,0,–ú–æ—Ä–ø–µ—Ö –Ω–∞ –ø—É—Ç–∏ –∫ 3000 –ú–ú–†,marine on the way to 3000 mmr,ru
303,364847pwnz,4706,88.0,88.0,88.0,0,"·¥õ—ã ·ßê—â—É·¥õ·•ô…Ø—å ·¥õ·•±·•∞·ßò·ßê, —É ô·•ô–¥·•± ô  ç·ßê·•±  ç·•±œÅ·¥õ ô·ßê·•± ·¥õ·•±·ßò·ßê","·¥õ ·ßê ·ßê ·•ô…Ø ·•ô…Ø ·¥õ·•±·•∞ ·ßò·ßê, u ô ·•ô d ·•± ô  ç·ßê ·•±  ç·•± œÅ·¥õ ô ·ßê ·•± ·¥õ·•± ·ßò·ßê ·ßò·ßê",kk
305,life_d01,4655,22.0,22.0,22.0,0,–î–µ–≤–∏–∑: –†–∞–∑—å–µ**—Å—å –Ω–æ –ü–æ–¥–Ω–∏–º—É—Å—å!!!,motto: vapor ** but i'll rise !!!,ru
306,kingjeffo,4650,28.0,28.0,28.0,0,"A streamer that's professionally bad at video game from Malaysia, love pushing myself to the limit and meeting new people along the way! Business Inquiries: majesticjeffo@gmail.com","a streamer that's professionally bad at video game from malaysia, love pushing myself to the limit and meeting new people along the way! business inquiries: majesticjeffo@gmail.com",en
307,flufee02,4469,16.0,16.0,16.0,0,Broadcast Talent - Coach for VCT APAC and PH | Content Creator for Oasis Gaming | Big Nerd,broadcast talent - coach for vct apac and ph | content creator for oasis gaming | big nerd,en
308,tinkeroi,4428,21.0,21.0,21.0,0,Tinker Spammer | 5k games tinker | Follow my twitch channel ^_^,tinker spammer | 5k games tinker | follow my twitch channel ^_^,en
309,irembs,4361,32.0,32.0,32.0,0,"Atat√ºrk, DotA 2, books, purple, DKTT, love person. ƒ∞rem.","atat√ºrk, dota 2, books, purple, dktt, love person. iÃárem.",en
311,esbdota1,4220,23.0,23.0,23.0,0,–ö–∏–±–µ—Ä—Å–ø–æ—Ä—Ç–∏–≤–Ω–∞—è –ª–∏–≥–∞ ESportsBattle,esportsbattle evortion league,ru
312,xxxeca,3760,20.0,20.0,20.0,0,,na,1
313,azuahri,3760,14.0,14.0,14.0,0,–æ —Å–µ–±–µ,about me,ru
314,kaktuz127,3720,13.0,13.0,13.0,0,"–ó–¥—Ä–∞–≤—Å—Ç–≤—É–π –ø—É—Ç–Ω–∏–∫, –∑–¥–µ—Å—å —Å—Ç—Ä–∏–º–∏—Ç—Å—è –¥–æ—Ç–∞–Ω. –ú–Ω–æ–≥–æ –¥–æ—Ç–∞–Ω–∞. –í–∫—Ä–∞—Ç—Ü–µ, –∫–∞—Ç–∞—é –Ω–∞ 3-5 –ø–æ–∑–∏—Ü–∏–∏. –†–∞–Ω–≥ —Ç–∏—Ç–∞–Ω 200. –°–º–æ–≥—É —á–µ–º—É-—Ç–æ –Ω–∞—É—á–∏—Ç—å, —á—Ç–æ- —Ç–æ –ø–æ–¥—Å–∫–∞–∑–∞—Ç—å - –≤–æ–æ–±—â–µ –Ω–µ –≤–æ–ø—Ä–æ—Å))–ò–Ω–æ–≥–¥–∞ –±—É–¥—É –∑–∞–ª–∏–≤–∞—Ç—å –≤–∏–¥–æ—Å—ã –Ω–∞ —é—Ç—É–±, —Å —Ä–∞–∑–±–æ—Ä–∫–æ–π –ø–µ—Ä—Å–æ–Ω–∞–∂–µ–π –Ω–∞ –∫–æ—Ç–æ—Ä—ã—Ö –∫–∞—Ç–∞—é. –ù—É —á—Ç–æ –±—ã –ø—Ä—è–º –≤–æ–æ–±—â–µ –±—ã–ª–æ –≤—Å–µ –ø–æ –∫—Ä–∞—Å–æ—Ç–µ.","hello a traveler, dutan is striving here.a lot of dotan.briefly, i ride 3-5 positions.the rank of titanium 200. i can teach something to suggest something- it‚Äôs not a question at all)) sometimes i will fill in the vidos on youtube, with disassembling the characters on which i ride.well, it would be just all in beauty in general.",ru
315,veegur,3711,393.0,459.0,425.0,0,"–ù–µ –ø–æ –≤–∫—É—Å—É –≤–∫—É—Å–Ω–æ, –∞ –ø–æ —Å—É—Ç–∏ –≤–∫—É—Å–Ω–æ!","it is not tasty to taste, but in fact tasty!",ru
316,verudemi,3642,50.0,50.0,50.0,0,"VERU ‚¨© Killer Doll ‚¨© Games, Anime Noises & Screaming","veru ‚¨© killer doll ‚¨© games, anime noises and screaming",en
317,asiimovls,3633,43.0,43.0,43.0,0,ls - low skill,ls - low skill,en
318,ksena_tv,3438,26.0,26.0,26.0,0,,na,1
319,narodcast3,3397,56.0,785.0,319.0,0,NarodCast –æ—Å–≤–µ—â–∞—é—Ç –¥–ª—è –≤–∞—Å —Ç—É—Ä–Ω–∏—Ä—ã –ø–æ Dota 2. –°–æ—Ç—Ä—É–¥–Ω–∏—á–µ—Å—Ç–≤–æ - narodcast@gmail.com,narodcast highlights for you dota 2. cooperation - narodcast@gmail.com,ru
320,korrossu,3289,47.0,47.0,47.0,0,OG.korrossuüëë,and.korrrossuüëë,is
321,rzstv,3220,15.0,15.0,15.0,0,"Salve galera !! essa √© minha live , me segue no insta sempre vou mandar as novidades por l√°! https://www.instagram.com/rzs_gamer/","save guys !!this is my live, follow me on insta i will always send the news there!https://www.instagram.com/rzs_gamer/",pt
322,maddogsleague,3145,49.0,49.0,49.0,0,Dota League,dota league,en
323,freak_livingbrick,3125,74.0,198.0,136.0,0,"–ú—ã –ø–æ—á—Ç–∏ –Ω–∏—á–µ–≥–æ –Ω–µ –∑–Ω–∞–µ–º –æ freak_livingbrick, –Ω–æ –º—ã —É–≤–µ—Ä–µ–Ω—ã, —á—Ç–æ freak_livingbrick ‚Äî —Ñ—Ä–∏–∫ –∫–æ–Ω–∫—Ä–µ—Ç–Ω—ã–π –Ω–µ –ø–æ–¥–ø–∏—Å—ã–≤–∞–π—Ç–µ—Å—å –Ω–∞ –Ω–µ–≥–æ –Ω–∏–∫–æ–≥–¥–∞ (—Å) Twitch","we know almost nothing about freak_livingbrick, but we are sure that freak_livingbrick - frick specific never subscribe to it (c) twitch",ru
324,dabex,3042,40.0,40.0,40.0,0,"–ö–∞–∫–æ–π-—Ç–æ —Å—Ç—Ä–∏–º–µ—Ä, –∫–æ—Ç–æ—Ä—ã–π —á—Ç–æ-—Ç–æ —Å—Ç—Ä–∏–º–∏—Ç, –¥–ª—è —Ç–µ—Ö, –∫—Ç–æ –ª—é–±–∏—Ç —á—Ç–æ-—Ç–æ —Å–º–æ—Ç—Ä–µ—Ç—å. –ü–æ –≤—Å–µ–º –≤–æ–ø—Ä–æ—Å–∞–º: dabextv@mail.ru",some streamer who streams something for those who like to watch something.for all questions: dabextv@mail.ru,ru
325,jenik_dota,2960,732.0,732.0,732.0,0,ALO i am Jenik,alo i am jenik,en
326,superlasca,2932,6.0,6.0,6.0,0,"Gaming since 2000, I will game 4ever. If you like the content drop a follow. Smile while you have teeth.        Contact: laza_alex@yahoo.com","gaming since 2000, i will game 4ever. if you like the content drop a follow. smile while you have teeth.        contact: laza_alex@yahoo.com",en
327,arakkov,2843,26.0,26.0,26.0,0,"Sou conhecida como Arakkov ou Ved'ma (bruxa). Doteira h√° muitos anos, apaixonada por jogos em geral, RPGzeira. Metaleira. Formada em Artes: √†s vezes arrisco uns rabiscos por aqui. Inventei de streamar recentemente e gostei. Vem me fazer companhia!","i am known as arakkov or ved'ma (witch).dimeira for many years, passionate about games in general, rpgzeira.metal.graduated in arts: sometimes i risk some scribbles here.i invented from streamamar recently and liked it.come make me company!",pt
328,ognennyj,2801,3.0,3.0,3.0,0,,na,1
329,chubzarik_dota,2798,53.0,53.0,53.0,0,"–ü—Ä–∏–≤–µ—Ç! –Ø –±—ã–≤—à–∏–π —Ç–∏–Ω–∫–µ—Ä–ø–∏–∫–µ—Ä, —É—á–∏–ª —á–µ–º–ø–∏–æ–Ω–∞ TI –∏–≥—Ä–∞—Ç—å –Ω–∞ —Ä–æ–±–æ—Ç–µ, —Å—Ç—Ä–µ–ª—è–ª —Ä–∞–∫–µ—Ç–∞–º–∏ –≤ –¥—Ä—É–≥–∏—Ö —á–µ–º–ø–∏–æ–Ω–æ–≤ TI –Ω–∞ —Ñ–æ–Ω—Ç–∞–Ω–µ –∏ –º–Ω–æ–≥–æ–µ –¥—Ä—É–≥–æ–µ. –ù–æ –ø–æ—Å–ª–µ —Ä–µ–≤–æ—Ä–∫–∞ –≥–µ—Ä–æ—è —ç—Ç–æ –≤ –ø—Ä–æ—à–ª–æ–º - —Ç–µ–ø–µ—Ä—å —è —É—á—É—Å—å –∏–≥—Ä–∞—Ç—å –Ω–∞ –∫–µ—Ä—Ä–∏, –Ω–æ –ø—Ä–æ–¥–æ–ª–∂–∞—é –ø—Ä–æ–ø–∞–≥–∞–Ω–¥–∏—Ä–æ–≤–∞—Ç—å –Ω–µ—Ç–æ–∫—Å–∏—á–Ω–æ—Å—Ç—å –≤ –î–æ—Ç–µ! –¢–∞–∫–∂–µ –Ω–∞ –∫–∞–Ω–∞–ª–µ –±—ã–≤–∞—é—Ç —Å—Ç—Ä–∞—Ç–µ–≥–∏–∏.","hello!i am a former tinerpicker, taught the ti champion to play on the robot, shot missiles in other ti champions on the fountain and much more.but after the hero‚Äôs revorka, this is in the past - now i am learning to play kerry, but i continue to promote non -toxicity in dota!there are also strategies on the channel.",ru
330,m88esports,2794,618.0,1351.0,1081.0,0,The official twitch channel of M88 Mansion Esports,the official twitch channel of m88 mansion esports,en
331,discipleq,2771,32.0,32.0,32.0,0,https://t.me/discipleqhere –µ—Å–ª–∏ –∏–Ω—Ç–µ—Ä–µ—Å–Ω–æ —á—Ç–æ —Å–æ –º–Ω–æ–π. ,https://t.me/discipleqhere if it is interesting to me.,ru
332,perec_amigo,2771,28.0,28.0,28.0,0,–ë–µ–ª–∞—Ä—É—Å—å –ú–∏–Ω—Å–∫,"belarus, minsk",ru
333,perolya,2706,42.0,42.0,42.0,0,"–ü—Ä–∏–≤–µ—Ç, –º–µ–Ω—è –ü–µ—Ä–æ–ª—è –∑–æ–≤—É—Ç (‚óï‚Äø‚óï) –°—Ç—Ä–∏–º—ã: –≤—Ç, –ø—Ç, —Å–±, –≤—Å. –ü–æ –≤–æ–ø—Ä–æ—Å–∞–º –º–æ–∂–µ—à—å –Ω–∞–ø–∏—Å–∞—Ç—å –≤ –ª—é–±—É—é –∏–∑ —Å–æ—Ü–∏–∞–ª–æ–∫ ‚Äû‚Ä¢ ·¥ó ‚Ä¢‚Äû","hi, my name is the name (‚óï‚Äø‚óï) streams: tue, fri, sat, sun.for questions, you can write to any of the socialists ‚Äû‚Ä¢ ·¥ó ‚Ä¢‚Äû",ru
334,lazshorty,2608,59.0,59.0,59.0,0,"Hi. An experienced old school dota player from Turkey-Istanbul who likes to do his best in any game. Enjoy the show,have fun!","hi. an experienced old school dota player from turkey-istanbul who likes to do his best in any game. enjoy the show,have fun!",en
335,rizbai,2459,31.0,31.0,31.0,0,–º–µ–Ω—è –≤–æ—Å–ø–∏—Ç–∞–ª –∏–Ω—Ç–µ—Ä–Ω–µ—Ç –∏ –Ω–µ–º–Ω–æ–≥–æ –º–∞—Ç—å,i was raised by the internet and a little mother,ru
336,secretdota11,2438,87.0,87.0,87.0,0,,na,1
337,lemchanskiy,2389,2.0,2.0,2.0,0,"–≠—Ç–æ –ø—É—Ç—å, –∫–æ—Ç–æ—Ä—ã–π —è –≤—ã–±—Ä–∞–ª, –≤—ã–∏–≥—Ä–∞—Ç—å –∏–ª–∏ –ø—Ä–æ–∏–≥—Ä–∞—Ç—å. –≠—Ç–æ –µ–¥–∏–Ω—Å—Ç–≤–µ–Ω–Ω—ã–π —Ö–æ–¥, –∫–æ—Ç–æ—Ä—ã–π —è –º–æ–≥—É —Å–¥–µ–ª–∞—Ç—å –ø—Ä—è–º–æ —Å–µ–π—á–∞—Å. –ü–æ—Å–ª–µ 19 –ª–µ—Ç –±–µ–∑–¥–µ–π—Å—Ç–≤–∏—è —ç—Ç–æ —Ç–æ, —á—Ç–æ —è –¥–æ–ª–∂–µ–Ω –¥–µ–ª–∞—Ç—å —Å–æ —Å–≤–æ–µ–π –∂–∏–∑–Ω—å—é. –°–æ—Ç—Ä—É–¥–Ω–∏—á–µ—Å—Ç–≤–æ –∏ —Ä–µ–∫–ª–∞–º–∞: t.me/king_lemchanskiy","this is the path that i chose, win or lose.this is the only move that i can do right now.after 19 years of inaction, this is what i should do with my life.cooperation and advertising: t.me/king_lemchanskiy",ru
338,icedmica,2377,26.0,30.0,28.0,0,"i provide art relief and immense hangery in game. I also dance, sometimes? | icedmica@gmail.com","i provide art relief and immense hangery in game. i also dance, sometimes? | icedmica@gmail.com",en
339,cheburashkaaaaaaaa,2334,28.0,28.0,28.0,0,"–ü—Ä–∏–≤–µ—Ç –º–æ–π –¥–æ—Ä–æ–≥–æ–π —Ñ–æ–ª–ª–æ–≤–µ—Ä, —Ä–∞–¥ –ø—Ä–∏–≤–µ—Ç—Å—Ç–≤–æ–≤–∞—Ç—å —Ç–µ–±—è –≤ –Ω–∞—à–∏—Ö —Ä—è–¥–∞—Ö :)","hello my dear follower, i am glad to welcome you in our ranks :)",ru
340,katya_kond,2086,12.0,12.0,12.0,0,"–ö—É –ø—Ä–∏–≤–µ—Ç, —Ç—ã –∫—Ä–∞—Å–∏–≤–∞—è, –∞ —Å–∫–æ–ª—å–∫–æ –º–º—Ä ? –ê —á–µ —Ç–æ–ª—å–∫–æ —Ç—É—Ä–±–æ –∏–≥—Ä–∞–µ—à—å ? –ê —á–µ —Ç–∞–∫–∞—è –≥—Ä—É—Å—Ç–Ω–∞—è ? –ê —á–µ —Å–µ—Ä—å–µ–∑–Ω–∞—è —Ç–∞–∫–∞—è? –ê –∫–∞–∫–æ–π –ª—é–±–∏–º—ã–π –≥–µ—Ä–æ–π ? –ê —Å–∫–æ–ª—å–∫–æ —á–∞—Å–æ–≤ ?","ku hello, you are beautiful, and how many mmr?what are you playing turbo?what is so sad?why is it serious?what is your favorite hero?how many hours?",ru
341,high_shaggy,2060,23.0,316.0,169.0,0,"UW PMATH/STAT major, currently trying to go pro, 8.8k now.  My favourite artists are Juice WRLD, Lil Uzi and Trippie Redd. I offer coaching on all positions for a measly $25 USD/hour. DM me on discord (Jacks#3857) if you're interested :) ","uw pmath/stat major, currently trying to go pro, 8.8k now.  my favourite artists are juice wrld, lil uzi and trippie redd. i offer coaching on all positions for a measly $25 usd/hour. dm me on discord (jacks#3857) if you're interested :)",en
342,k0lyan228,2043,33.0,33.0,33.0,0,"–õ—é–±–ª—é –ø–∏–∫–∞—Ç—å —Å–ª–∞–±—ã—Ö –≥–µ—Ä–æ–µ–≤ –≤ –º–∏–¥, –ø—Ä–æ–±—É—é —Ä–∞–∑–Ω—ã–µ —Å—Ç—Ä–∞—Ç–µ–≥–∏–∏, –ø–æ–∫–∞–∑—ã–≤–∞—é —Ä–∞–∑–Ω—ã–µ —Ñ–∏—à–∫–∏ –Ω–∞ –º–∏–¥–µ, –≤ –æ—Å–Ω–æ–≤–Ω–æ–º –Ω–µ –ø—Ä–æ–∏–≥—Ä—ã–≤–∞—é, –∞ –∑–∞—á–∞—Å—Ç—É—é –¥–∞–∂–µ –∏ –≤—ã–∏–≥—Ä—ã–≤–∞—é!)","i like to pick up weak heroes at the foreign ministry, i try different strategies, show different chips on the ministry of foreign affairs, i basically do not lose, and often even win!)",ru
343,leluwaa,1954,13.0,13.0,13.0,0,–ª–µ–ª—É . . –ª–µ–ª—É—à–∞. ,lelu..the solder.,sr
344,sensuyy,1939,51.0,51.0,51.0,0,Salve!!! Sejam todos bem vindos! (lives geralmente as 19:00 PM BR) Aqui voce vai assistir aquele CLASSICO pos1 farmando bastante! SINTA-SE AVONTADE PARA TIRAR SUAS DUVIDAS!,"save!!!welcome, everyone!(lives usually at 19:00 pm br) here you will watch that classic post1 fagging a lot!feel avontade to take your doubts!",pt
345,labr4vaaa,1675,13.0,13.0,13.0,0,"Ol√° galerinhos, me chamo Ana, sou iniciante na carreira de streamer e doteria nata. Iniciada no mundo dos games com jogos de FPS, mas gosto de um pouco de tudo.Atualmente estou jogando Dota 2, Minecraft, Albion e Heartstone.Apaixonada por jogos de sobreviv√™ncia em mundo aberto ou cooperativos.","hello galeinhos, my name is ana, i'm a beginner in the career of streamer and doteria nata.started in the world of fps games, but i like a little of everything. i am currently playing dota 2, minecraft, albion and heartstone.",pt
346,gendeezzy1337,1589,47.0,47.0,47.0,0,TOP-1 CHC INTERNATIONALE 2022.–ü–æ –ø–æ–≤–æ–¥—É —Å–æ—Ç—Ä—É–¥–Ω–∏—á–µ—Å—Ç–≤–∞ –ø–∏—à–∏—Ç–µ: pave1337@mail.ru,top-1 chc international 2022. write to cooperation: pave1337@mail.ru,ru
347,dazaiomo,1576,53.0,53.0,53.0,0,–í—Å–µ–º –ø—Ä–∏–≤–µ—Ç- –æ—Å—Ç–∞–ª—å–Ω—ã–º...—Ç–æ–∂–µ –ø—Ä–∏–≤–µ—Ç,"hello everyone, the rest ... hello too",ru
348,kbbqdota,1553,6.0,10.0,8.0,0,Dota 2 former QC Manager,dota 2 former qc manager,en
349,gameworldweb_tv,1535,482.0,482.0,482.0,0,,na,1
350,aramon85,1523,19.0,19.0,19.0,0,,na,1
351,polyakekb96,1492,104.0,104.0,104.0,0,"–í—Å–µ–º –ø—Ä–∏–≤–µ—Ç, —è –î–µ–Ω–∏—Å –∏–∑ –≥–æ—Ä–æ–¥–∞ –ï–∫–∞—Ç–µ—Ä–∏–Ω–±—É—Ä–≥–∞. –ü—Ä–æ—Å—Ç–æ –ø–∞—Ä–µ–Ω—å, –∫–æ—Ç–æ—Ä—ã–π –ª—é–±–∏—Ç –∏–≥—Ä–∞—Ç—å –≤ Dota2, –ø—Ä–∏—Å–∞–∂–∏–≤–∞–π—Ç–µ—Å—å –Ω–∞ —Ç—Ä–∞–Ω—Å–ª—è—Ü–∏—é, –±—É–¥—É —Ä–∞–¥ –≤–∏–¥–µ—Ç—å –≤–∞—Å –≤ —á–∞—Ç–µ","hello everyone, i'm denis from the city of yekaterinburg.just a guy who likes to play in dota2, sit down for a broadcast, i will be glad to see you in the chat",ru
352,skayripka,1334,14.0,14.0,14.0,0,üòà–Ω–∞—Ä–æ–¥–Ω—ã–π –∫–æ—É—á –ø–æ –∑–∞–≥–ª–æ—Ç—É –∏ –≥–æ—Ä–ª–æ–≤–æ–º—É –¥–µ–±—É—Å—Ç—Éüòà,üòà narodnoye coach on a swallow and throat deboustüòà,ru
353,ehkar,1306,13.0,13.0,13.0,0,"Feeling good, man.","feeling good, man.",en
354,gayanchik_,1270,15.0,15.0,15.0,0,–ì–∞—è–Ω—á–∏–∫,gayiancik,tg
355,luthiensy,1078,4.0,4.0,4.0,0,,na,1
356,f4zeless_eternity,1077,26.0,27.0,26.0,0,"–ú–µ–Ω—è –∑–æ–≤—É—Ç –ö–æ—Å—Ç—è –∏ —è —Å—Ç—Ä–∏–º–ª—é, —á—Ç–æ –ø–æ –∫–∞–π—Ñ—É.",my name is kostya and i stream that the high is.,ru
357,medivdota,1054,16.0,16.0,16.0,0,MedivDota —Å—Ç—Ä–∏–º–∏—Ç Dota 2. –ü–æ –í–æ–ø—Ä–æ—Å–∞–º –°–æ—Ç—Ä—É–¥–Ω–∏—á–µ—Å—Ç–≤–∞ –í Telegram - @MedivDota1402,medivdota streams dota 2. on cooperation in telegram - @medivdota1402,ru
358,max1mq4,1029,87.0,87.0,87.0,0,–®–æ–∫ –∫–æ–Ω—Ç–µ–Ω—Çüî•,shock contentüî•,ru
359,slab0what,995,20.0,20.0,20.0,0,–∞–º–±–∞—Å—Å–∞–¥–æ—Ä –±–æ–ª—å—à–æ–≥–æ –≥–∞–±–∞—Ä–∏—Ç–∞ –º–µ–∂–¥—É –Ω–æ–≥. —Å–ø–∞—Å–∏–±–æ –∑–∞ –≤–Ω–∏–º–∞–Ω–∏–µ. max mmr - 10090. discord - Judah#1810. discord.gg/pfb,ambassador of a large dimensions between the legs.thank you for your attention.max mmr - 10090. discord - judah#1810.discord.gg/pfb,ru
360,wh1tehell,961,353.0,634.0,451.0,0,,na,1
361,shifudotaa,952,38.0,38.0,38.0,0,Start Again,start again,en
362,lyovelikolepniy,907,17.0,17.0,17.0,0,"–Ø –í–µ–ª–∏–∫–æ–ª–µ–ø–Ω—ã–π –ê–ª—ë—à–∫–∞, –∞ —Ç—ã —Ö–æ—á–µ—à—å –±—ã—Ç—å –í–µ–ª–∏–∫–æ–ª–µ–ø–Ω—ã–º? ","i am a magnificent alyoshka, do you want to be magnificent?",ru
363,fanofays,880,35.0,41.0,38.0,0,    ,na,1
364,rozesun,871,40.0,40.0,40.0,0,,na,1
365,heatisback,805,78.0,78.0,78.0,0,,na,1
366,dimas3k,772,14.0,14.0,14.0,0,This is my ninja way. ü•∑üèø ,this is my ninja way. ü•∑üèø,en
367,fan__rey,706,364.0,364.0,364.0,0,,na,1
369,m1rrorq,633,30.0,30.0,30.0,0,"–ú—ã –ø–æ—á—Ç–∏ –Ω–∏—á–µ–≥–æ –Ω–µ –∑–Ω–∞–µ–º –æ m1rrorq, –Ω–æ –º—ã —É–≤–µ—Ä–µ–Ω—ã, —á—Ç–æ m1rrorq ‚Äî –æ–±—è–∑–∞—Ç–µ–ª—å–Ω–æ –≤—ã–∂–∏–≤–µ—Ç..","we know almost nothing about m1rrorq, but we are sure that m1rrorq will definitely survive ..",ru
370,funnygrob22,621,8.0,8.0,8.0,0,–•–æ—á—É —Ö–æ—Ç—è –±—ã —á–µ—Ç—ã—Ä—ë—Ö–∑–Ω–∞—á–Ω–æ–µ —á–∏—Å–ª–æ –ø–æ–¥–ø–∏—Å—á–∏–∫–æ–≤...–ø–æ–º–æ–∂–µ—Ç–µ?,i want at least a four -digit number of subscribers ... will you help?,ru
371,3mptyphases,552,11.0,11.0,11.0,0,Dota player –∫–æ—Ç–æ—Ä—ã–π —Ö–æ—á–µ—Ç —Å–¥–µ–ª–∞—Ç—å –∫–æ–º—å—é–Ω–∏—Ç–∏ –Ω–µ–º–Ω–æ–≥–æ –¥–æ–±—Ä–µ–µ)),dota player who wants to make a community a little kinder)),ru
372,wistjke,532,16.0,16.0,16.0,0,"–î–æ—Ç–µ—Ä 2, –∞ —Ç–∞–∫ –∂–µ –∑–∞—Å–ª—É–∂–µ–Ω–Ω—ã–µ –∫—É—Ä–∏–Ω—ã–µ –Ω–æ–≥–∏ –†–æ—Å—Å–∏–∏!","doter 2, as well as honored chicken feet of russia!",ru
373,lil_azer,500,34.0,34.0,34.0,0,"–ü–∞—Ä–µ–Ω—å —Å —É–ª–∏—Ü-–≥–µ—Ç—Ç–æ,–∫–æ—Ç–æ—Ä—ã–π –æ—Ç–æ—à—ë–ª –æ—Ç –¥–µ–ª –∏ —Ä–µ—à–∏–ª —Å—Ç–∞—Ç—å —Å—Ç—Ä–∏–º–µ—Ä–æ–º.                                                                                        –û–±—É—á–µ–Ω–∏–µ —Ç–æ–Ω–∫–æ—Å—Ç—è–º Dota 2.–¢–æ–∫—Å–∏—á–Ω–æ-—é–º–æ—Ä–∏—Å—Ç–∏—á–µ—Å–∫–∏–π –∫–æ–Ω—Ç–µ–Ω—Ç,–≤—Å–µ–≥–¥–∞ —Ä–∞–¥ –≤—Å–µ–º! –ö–û–ú–ê–ù–î–´ : !—Ç–≥ !–¥–æ–Ω–∞—Ç !–ø–∏—Å—é–Ω!–º–º—Ä !iq","a guy from the hetto streets, who retired and decided to become a streamer.learning the intricacies of dota 2. toxic-humorous content, always glad to everyone!commands:! tg! donat! pisyun! mmr! iq",ru
374,yoshimitsu121,471,1508.0,1538.0,1522.0,0,"–î–∞—Ä–æ–≤–∞, –Ω–∞—Ä–æ–¥, —è –ê–≤–≥—É—Å—Ç)  –û—Å—Ç–∞–ª—å–Ω–æ–µ –ø–æ–¥ —Å—Ç—Ä–∏–º–æ–º. –†–∞–∑—ã–≥—Ä—ã–≤–∞—é –∞—Ä–∫–∞–Ω—É( –Ω–∞ –≤—ã–±–æ—Ä) –∏–ª–∏ —ç–∫–≤–∏–≤–∞–ª–µ–Ω—Ç–Ω—ã–π –ø–æ —Å—Ç–æ–∏–º–æ—Å—Ç–∏ –ø—Ä–∏–∑ –Ω–∞ 500 –ø–æ–¥–ø–∏—Å–æ—Ç—ã ","darova, people, i am august) the rest is under stream.i play arcana (to choose from) or equivalent to the cost of the prize for 500 signatures",ru
375,gwynblade99,453,454.0,454.0,454.0,0,27yo from Poland. Gamer since remembers! ,27yo from poland. gamer since remembers!,en
376,gor9i4ii_potok_games,399,22.0,22.0,22.0,0, –Ø –° –Æ–¢–£–ë–ê –ë–†–û)!  –ö–ê–ù–ê–õ - –ì–û–†–Ø–ß–ò–ô –ü–û–¢–û–ö!,i'm from youtube bro)!the channel is a hot stream!,ru
377,mrlis,382,3.0,3.0,3.0,0,"–•–µ–π–ª–∏ –±—Ä–æ –∏ –¥–ª—è —Ç–µ–±—è –≤–µ—â–∞–µ—Ç –õ–∏—Å.24 –≥–æ–¥–∞ –∏–≥—Ä–∞—é –≤ –¥–æ—Ç—É 8 –ª–µ—Ç, –æ—Ç–Ω–æ—à—É—Å—å –∫ –Ω–µ–π –∫–∞–∫ –∫ —Ä–∞–∑–≤–ª–µ—á–µ–Ω–∏—é –Ω–µ –±–æ–ª–µ–µ ","haley bro and for you broadcasts foxes. 24 i play dota 8 years old, i treat it as an entertainment no more",ru
378,tiarna21,325,17.0,17.0,17.0,0,"–¢–æ–∂–µ –¥–≤–∞–¥—Ü–∞—Ç—å –ø–µ—Ä–≤—ã–π, –Ω–æ —á—ë—Ç –Ω–∏—Ö—É—è –Ω–µ savage","also the twenty -first, but even fucking no savage",ru
379,gribo4chek,298,21.0,21.0,21.0,0,"–ö—É,–∫—Ä–∏–ø –∫—Ä–∏–ø–æ—á–µ–∫, –∫–∞—Ç–∞—é –¥–∞–≤–Ω–æ –≤ –î–æ–∫—É, –æ–±—ã—á–Ω–æ —Å–∞–ø–ø–æ—Ä—á—É, –Ω–æ —Å–∞–º –ø–æ–Ω–∏–º–∞–µ—à—å, –∫–∞–∫ –ø—Ä–∏–¥–µ—Ç—Å—è)) 5K MMR. ROAD TO TITAN","ku, crypt crypts, i ride for a long time to the document, usually support, but you yourself understand how you have to)) 5k mmr.road to titan",ru
381,bop4yh30,185,7.0,7.0,7.0,0,"–°—Ç–∞—Ä—ã–π –∑–∞–≤–æ–¥—á–∞–Ω–∏–Ω, –∏–≥—Ä–∞—é—â–∏–π –≤ –¥–æ—Ç—É!",the old factory worker playing dota!,ru
382,fioskap,164,3.0,3.0,3.0,0,"–ü–æ–¥–ø–∏—Å—ã–≤–∞–π—Ç–µ—Å—å –¥–æ—Ä–æ–≥–∏–µ –¥—Ä—É–∑—å—è, –±—É–¥—É –∏–≥—Ä–∞—Ç—å –≤ —Ä–∞–∑–Ω—ã–µ –∏–≥—Ä—ã, –∏–Ω–æ–≥–¥–∞ –≤ –∫–æ–º–ø–∞–Ω–∏–∏, –Ω–æ —á–∞—â–µ –æ–¥–∏–Ω.","subscribe dear friends, i will play different games, sometimes in the company, but more often one.",ru
383,vezunchikzhenek,83,1171.0,2227.0,1644.0,0,—Ç–∏—à–∏–Ω—É –∑–∞–∫—Ä–æ–π —Å–≤–æ—é.,close your silence.,ru
384,artempihalbl4,80,1050.0,1050.0,1050.0,0," –í—Å–µ–º –ø—Ä–∏–≤–µ—Ç —è –ø—Ä–æ—Ñ—Ñ–µ—Å–∏–ê–Ω–∞–ª—å–Ω—ã–π –∏–≥—Ä–æ—É–∫ –≤ –∫—Å, –¥–æ—Ç—É, —Ñ–æ–ª–ª –≥–∞–π–∑, –∞—Ä–µ—Ö, –ø–æ–∫–µ—Ä –∏ –ø–∞—Å—å—è–Ω—Å (—Ç—Ä–µ—Ö–∫—Ä–∞—Ç–Ω—ã–π —á–µ–º–ø–∏–æ–Ω –†–æ—Å—Å–∏–∏ –ø–æ —Ñ–∏–Ω–µ–≥—Ä–±–æ–¥–∏–Ω–≥—É), —Å—Ç—Ä–∏–º–ª—é –µ–≤—Ä–∏–¥–µ–π –¥–ª—è —Å–≤–æ–∏—Ö –¥–æ—Ä–æ–≥–∏—Ö –ø–æ–¥–ø–∏—Å—á–∏–∫–æ–≤","hello everyone, i am a professional player in the constitutional court, dota, fall giza, areh, poker and pasyans (three -time russian final -heart defense champion), stream evridy for his expensive subscribers",ru
386,ksandr33rus,64,15.0,15.0,15.0,0,"–í—Å–µ—Ö —Ä–∞–¥ –≤–∏–¥–µ—Ç—å!!!—Å—Ç—Ä–∏–º–ª—é –¥–æ—Ç–∫—É,—è –ª–µ–≥–µ–Ω–¥–∞!!!","i am glad to see everyone !!! i stumen the doto, i am a legend !!!",ru
387,satiskay,57,97.0,1034.0,920.0,0,,na,1
